  01/01/1888,        NA,        NA_2,        NA_3,        NA_4,                       NA,                       NA_2,h,i,j
  01/01/1888,   30 38 S,   49 22 W,,,                   at sea,,,,
  02/01/1888,,,,,,,,,
  02/01/1888,   33 18 S,   52 19 W,,,                   at sea,,,,
  03/01/1888,,,39.6,2.6,            palonio light,                    palma,cabo polonio,34 23 51S,2017-11-28T00:00:00
  03/01/1888,   35 03 S,   55 23 W,-34.9,-56.2,at sea  montevideo urugay,              monte video,montevideo,34 53 1S,2018-07-24T00:00:00
  04/01/1888,,,,,,,,,
  04/01/1888,,,-34.9,-56.2,       montevideo uruguay,              monte video,montevideo,,
  05/01/1888,,,,,,,,,
  05/01/1888,,,-34.9,-56.2,      monte video uruguay,              monte video,montevideo,,
  06/01/1888,,,,,,,,,
  06/01/1888,,,-34.9,-56.2,      monte video uruguay,              monte video,montevideo,,
  07/01/1888,,,,,,,,,
  07/01/1888,,,-34.9,-56.2,      monte video uruguay,              monte video,montevideo,,
  08/01/1888,,,,,,,,,
  08/01/1888,,,-34.9,-56.2,      monte video uruguay,              monte video,montevideo,,
  09/01/1888,,,,,,,,,
  09/01/1888,,,-34.9,-56.2,      monte video uruguay,              monte video,montevideo,,
  10/01/1888,,,,,,,,,
  10/01/1888,,,-34.9,-56.2,montevideo uruguay  at sea,              monte video,montevideo,,
  11/01/1888,,,,,,,,,
  11/01/1888,   37 11 S,   56 30 W,,,                   at sea,,,,
   12/1/1888,,,,,,,,,
   12/1/1888,   40 00 S,   58 53 W,,,                   at sea,,,,
  13/01/1888,,,,,,,,,
  13/01/1888,   42 27 S,   61 37 W,,,                   at sea,,,,
  14/01/1888,,,,,,,,,
  14/01/1888,   45 22 S,   64 20 W,,,                   at sea,,,,
  15/01/1888,,,,,,,,,
  15/01/1888,   48 37 S,   65 54 W,,,                   at sea,,,,
  16/01/1888,,,,,,,,,
  16/01/1888,   51 42 S,   68 00 W,69.8,176.2, at sea  magellan straits,              long strait,argentine sea,46S,2018-09-18T00:00:00
   17/1/1888,,,,,,,,,
   17/1/1888,   52 41 S,   69 55 W,69.8,176.2,         magellan straits,              long strait,strait of magellan,53 28 51S,2017-07-04T00:00:00
  18/01/1888,,,,,,,,,
  18/01/1888,   52 38 S,   70 10 W,69.8,176.2,         magellan straits,              long strait,strait of magellan,,
  19/01/1888,,,,,,,,,
  19/01/1888,   52 52 S,   70 38 W,69.8,176.2,         magellan straits,              long strait,strait of magellan,,
  20/01/1888,,,,,,,,,
  20/01/1888,,,69.8,176.2,         magellan straits,              long strait,strait of magellan,,
  21/01/1888,,,,,,,,,
  21/01/1888,,,69.8,176.2,         magellan straits,              long strait,strait of magellan,,
   22/1/1888,,,,,,,,,
   22/1/1888,,,69.8,176.2,         magellan straits,              long strait,strait of magellan,,
   23/1/1888,,,,,,,,,
   23/1/1888,,,69.8,176.2,sandy point magellan straits,              long strait,punta arenas,53 10S,2018-07-31T00:00:00
   24/1/1888,,,,,,,,,
   24/1/1888,,,69.8,176.2,sandy point magellan straits,              long strait,punta arenas,,
  25/01/1888,,,,,,,,,
  25/01/1888,,,69.8,176.2,sandy point magellan straits,              long strait,punta arenas,,
  26/01/1888,,,30,48.5,               famine bay,                      fao,puerto del hambre,53 36 40S,2018-04-10T00:00:00
  26/01/1888,,,69.8,176.2,sandy point magellan straits,              long strait,punta arenas,,
  27/01/1888,,,,,,,,,
  27/01/1888,,,69.8,176.2,sandy point magellan straits,              long strait,punta arenas,,
  28/01/1888,,,,,,,,,
  28/01/1888,,,69.8,176.2,sandy point magellan straits,              long strait,punta arenas,,
   29/1/1888,,,,,,,,,
   29/1/1888,,,69.8,176.2,sandy point magellan straits,              long strait,punta arenas,,
  30/01/1888,,,,,,,,,
  30/01/1888,,,69.8,176.2,sandy point magellan straits,              long strait,punta arenas,,
   31/1/1888,,,,,,,,,
   31/1/1888,   53 43 S,   72 04 W,69.8,176.2,sandy point  borja bay magellan straits,                     poti,strait of magellan,,
  01/02/1888,,,,,,,,,
  01/02/1888,,,69.8,176.2,borja bay  port churruca magellan straits,              long strait,desolacion island,53.10S,2018-12-03T00:00:00
  02/02/1888,,,,,,,,,
  02/02/1888,   53 04 S,   73 56 W,29.9,32.6,            port churruca,                  tor bay,santa ines island,53 45S,2018-05-15T00:00:00
  03/02/1888,,,,,,,,,
  03/02/1888,   52 23 S,   73 39 W,47.7,-52.7,  otter bay  mayne harbor,                  tor bay,desolacion island,,
  04/02/1888,,,,,,,,,
  04/02/1888,,,55,-1.5,             mayne harbor,                     tyne,queen adelaide archipelago,52.1667S,2018-12-08T00:00:00
  05/02/1888,,,,,,,,,
  05/02/1888,,,35,32.4,mayne harbor  latitude cove,                    latzi,queen adelaide archipelago,,
  06/02/1888,,,,,,,,,
  06/02/1888,,,29.9,32.6,latitude cove  port grappler,                   port t,wellington island,49 20S,2018-04-10T00:00:00
  07/02/1888,,,,,,,,,
  07/02/1888,,,35.9,14.5,port grappler  island harbor,             grand harbor,wellington island,,
  08/02/1888,,,,,,,,,
  08/02/1888,,,35.9,14.5,island harbor  port otway,             grand harbor,gulf of penas,47 22S,2018-06-19T00:00:00
  09/02/1888,,,,,,,,,
  09/02/1888,,,29.9,32.6,               port otway,                   port t,gulf of penas,,
  10/02/1888,,,,,,,,,
  10/02/1888,   46 14 S,   75 46 W,29.9,32.6,       port otway  at sea,                   port t,taitao peninsula,46 30S,2017-12-26T00:00:00
   11/2/1888,,,,,,,,,
   11/2/1888,   42 56 S,   75 16 W,,,                   at sea,,,,
  12/02/1888,,,,,,,,,
  12/02/1888,   39 50 S,   74 43 W,,,                   at sea,,,,
  13/02/1888,,,,,,,,,
  13/02/1888,   37 08 S,   73 42 W,,,               lota chili,,,,
   14/2/1888,,,,,,,,,
   14/2/1888,,,,,               lota chili,,,,
   15/2/1888,,,,,,,,,
   15/2/1888,,,,,               lota chili,,,,
   16/2/1888,,,,,,,,,
   16/2/1888,,,,,               lota chili,,,,
  17/02/1888,,,,,,,,,
  17/02/1888,,,,,               lota chili,,,,
   18/2/1888,,,,,,,,,
   18/2/1888,,,,,   lota chili  tome chili,,,,
  19/02/1888,,,,,,,,,
  19/02/1888,,,,,               tome chili,,,,
  20/02/1888,,,,,,,,,
  20/02/1888,   33 24 S,   74 01 W,,,                   at sea,,,,
   21/2/1888,,,,,,,,,
   21/2/1888,   30 09 S,   74 58 W,,,                   at sea,,,,
  22/02/1888,,,,,,,,,
  22/02/1888,   26 59 S,   75 53 W,,,                   at sea,,,,
   23/2/1888,,,,,,,,,
   23/2/1888,   23 52 S,   76 55 W,,,                   at sea,,,,
  24/02/1888,,,,,,,,,
  24/02/1888,   20 44 S,   77 50 W,,,                   at sea,,,,
   25/2/1888,,,,,,,,,
   25/2/1888,   17 29 S,   78 50 W,,,                   at sea,,,,
  26/02/1888,,,,,,,,,
  26/02/1888,   14 07 S,   79 49 W,,,                   at sea,,,,
  27/02/1888,,,,,,,,,
  27/02/1888,   10 48 S,   80 29 W,,,                   at sea,,,,
   28/2/1888,,,,,,,,,
   28/2/1888,   07 21 S,   81 26 W,,,,,,,
  29/02/1888,,,,,,,,,
  29/02/1888,   04 07 S,   82 03 W,,,                   at sea,,,,
  01/03/1888,,,,,,,,,
  01/03/1888,   01 01 S,   81 10 W,,,                   at sea,,,,
  02/03/1888,,,,,,,,,
  02/03/1888,   01 30 N,   79 59 W,,,                   at sea,,,,
  03/03/1888,,,,,,,,,
  03/03/1888,   04 35 N,   79 11 W,,,                   at sea,,,,
  04/03/1888,,,,,,,,,
  04/03/1888,   07 24 N,   78 34 W,69.4,-135.7,            pearl islands,             geary island,pearl islands,8 20N,2017-08-22T00:00:00
  05/03/1888,,,,,,,,,
  05/03/1888,   08 46 N,   79 10 W,22.2,113.9,off pearl islands  taboguilla,                     taio,pearl islands,,
  06/03/1888,,,,,,,,,
  06/03/1888,,,22.2,113.9,             taboguilla i,                     taio,taboga island,8 47 0N,2017-07-04T00:00:00
  03/07/1888,,,,,,,,,
  03/07/1888,,,22.2,113.9,             taboguilla i,                     taio,taboga island,,
  08/03/1888,,,,,,,,,
  08/03/1888,,,22.2,113.9,             taboquilla i,                     taio,taboga island,,
  09/03/1888,,,,,,,,,
  09/03/1888,,,22.2,113.9,             taboguilla i,                     taio,taboga island,,
  10/03/1888,,,,,,,,,
  10/03/1888,,,22.2,113.9,             taboguilla i,                     taio,taboga island,,
  11/03/1888,,,,,,,,,
  11/03/1888,,,22.2,113.9,             taboguilla i,                     taio,taboga island,,
  12/03/1888,,,,,,,,,
  12/03/1888,,,22.2,113.9,             taboguilla i,                     taio,taboga island,,
  13/03/1888,,,,,,,,,
  13/03/1888,,,64.4,-173.2,taboguilla i  panama harbor,              emma harbor,gulf of panama,8.08642N,2019-01-09T00:00:00
  14/03/1888,,,,,,,,,
  14/03/1888,,,9,-79.5,               panama usc,                   panama,,,
  15/03/1888,,,,,,,,,
  15/03/1888,,,9,-79.5,               panama usc,                   panama,,,
   16/3/1888,,,,,,,,,
   16/3/1888,,,9,-79.5,               panama usc,                   panama,,,
   17/3/1888,,,,,,,,,
   17/3/1888,,,9,-79.5,               panama usc,                   panama,,,
   18/3/1888,,,,,,,,,
   18/3/1888,,,9,-79.5,               panama usc,                   panama,,,
  19/03/1888,,,,,,,,,
  19/03/1888,,,9,-79.5,               panama usc,                   panama,,,
  20/03/1888,,,,,,,,,
  20/03/1888,,,9,-79.5,               panama usc,                   panama,,,
   21/3/1888,,,,,,,,,
   21/3/1888,,,9,-79.5,               panama usc,                   panama,,,
   22/3/1888,,,,,,,,,
   22/3/1888,,,9,-79.5,               panama usc,                   panama,,,
  23/03/1888,,,,,,,,,
  23/03/1888,,,9,-79.5,               panama usc,                   panama,,,
  24/03/1888,,,,,,,,,
  24/03/1888,,,9,-79.5,               panama usc,                   panama,,,
  25/03/1888,,,,,,,,,
  25/03/1888,,,9,-79.5,               panama usc,                   panama,,,
   26/3/1888,,,,,,,,,
   26/3/1888,,,9,-79.5,               panama usc,                   panama,,,
  27/03/1888,,,,,,,,,
  27/03/1888,,,9,-79.5,               panama usc,                   panama,,,
  28/03/1888,,,,,,,,,
  28/03/1888,,,9,-79.5,               panama usc,                   panama,,,
  29/03/1888,,,,,,,,,
  29/03/1888,   08 46 N,   79 29 W,9,-79.5,    panama usc and at sea,                   panama,,,
  30/03/1888,,,,,,,,,
  30/03/1888,   06 48 N,   80 59 W,,,,,,,
  31/03/1888,,,,,,,,,
  31/03/1888,   05 01 N,   83 38 W,,,                   at sea,,,,
  01/04/1888,,,,,,,,,
  01/04/1888,   03 37 N,   85 38 W,,,                   at sea,,,,
  02/04/1888,,,,,,,,,
  02/04/1888,   00 57 N,   87 35 W,,,                   at sea,,,,
  03/04/1888,,,,,,,,,
  03/04/1888,   00 40 S,   89 24 W,51.4,0.5,               chatham id,                  chatham,san cristobal island,0 48S,2017-12-19T00:00:00
  04/04/1888,,,,,,,,,
  04/04/1888,,,51.4,0.5,               chatham id,                  chatham,san cristobal island,,
  05/04/1888,,,,,,,,,
  05/04/1888,,,51.4,0.5,               chatham id,                  chatham,san cristobal island,,
  06/04/1888,,,,,,,,,
  06/04/1888,,,30.3,115.1,chatham  hood islands and at sea,              pook island,espanola island,1 22S,2018-04-17T00:00:00
  07/04/1888,,,,,,,,,
  07/04/1888,,,43.1,16.7,               charles id,                     hvar,floreana island,1 17 51S,2017-07-25T00:00:00
  08/04/1888,,,43.7,16.7,              black beach,                     hvar,floreana island,,
  08/04/1888,,,43.1,16.7,               charles id,                     hvar,floreana island,,
  09/04/1888,,,,,,,,,
  09/04/1888,,,55.6,13.3,at sea albemarle id  at sea,                  alberta,isabela island galapagos,00 30S,2017-08-01T00:00:00
   10/4/1888,,,,,,,,,
   10/4/1888,,,,,      at sea and james id,,,,
  11/04/1888,,,,,,,,,
  11/04/1888,,,-10,39.7,james id  indefatigable island,              gala island,santa cruz island galapagos,00 38S,2017-12-05T00:00:00
  12/04/1888,,,-10,39.7,              cape napean,              gala island,santa cruz island galapagos,,
  12/04/1888,,,30,48.5,indefatigable id  duncan id,                      fao,santa cruz island galapagos,,
  13/04/1888,,,,,,,,,
  13/04/1888,,,51.4,0.5,               chatham id,                  chatham,san cristobal island,,
  14/04/1888,,,,,,,,,
  14/04/1888,   00 35 S,   89 48 W,51.4,0.5,               chatham id,                  chatham,san cristobal island,,
  15/04/1888,,,,,,,,,
  15/04/1888,   00 42 N,   90 51 W,,,              abingdon id,,,,
  16/04/1888,,,,,,,,,
  16/04/1888,   03 45 N,   92 16 W,,,,,,,
  17/04/1888,,,,,,,,,
  17/04/1888,   06 19 N,   93 39 W,,,                   at sea,,,,
  18/04/1888,,,,,,,,,
  18/04/1888,   08 54 N,   94 55 W,,,,,,,
  19/04/1888,,,,,,,,,
  19/04/1888,   11 45 N,   96 34 W,,,                   at sea,,,,
  20/04/1888,,,,,,,,,
  20/04/1888,   14 28 N,   98 09 W,22.2,113.9,         position at noon,                     taio,north pacific,,
  21/04/1888,,,,,,,,,
  21/04/1888,   16 51 N,   99 55 W,55,-1.5,  at sea  acapulco mexico,                      tic,acapulco,16 51 49N,2018-08-07T00:00:00
  22/04/1888,,,,,,,,,
  22/04/1888,,,55,-1.5,          acapulco mexico,                      tic,acapulco,,
  23/04/1888,,,,,,,,,
  23/04/1888,,,55,-1.5,          acapulco mexico,                      tic,acapulco,,
  24/04/1888,,,,,,,,,
  24/04/1888,   17 19 N,  101 45 W,,,,,,,
  25/04/1888,,,,,,,,,
  25/04/1888,   18 33 N,  104 04 W,,,,,,,
  26/04/1888,,,,,,,,,
  26/04/1888,   20 14 N,  105 59 W,,,,,,,
  27/04/1888,,,,,,,,,
  27/04/1888,   22 15 N,  107 58 W,,,,,,,
  28/04/1888,,,,,,,,,
  28/04/1888,   24 17 N,  109 51 W,-8.7,115.2,pichilingue bay lower california,                     bali,la paz baja california sur,24 08 32N,2018-04-03T01:10:00
  29/04/1888,,,,,,,,,
  29/04/1888,   24 22 N,  110 16 W,55,-1.5,          pichilingue bay,                      tic,la paz baja california sur,,
  30/04/1888,,,,,,,,,
  30/04/1888,   23 01 N,  110 05 W,,,,,,,
  01/05/1888,,,,,,,,,
  01/05/1888,   24 30 N,  112 00 W,41.2,9.4,            magdalena bay,                maddalena,magdalena bay,24 35N,2017-07-04T01:12:00
  02/05/1888,,,24.8,-112.3,             cape lorenzo,                     oran,cabo san lazaro,24 47 46N,2017-10-10T01:12:00
  02/05/1888,   26 33 N,  113 30 W,41.1,37.3,        under abocojos pt,                     unye,punta abreojos,26 42 52N,2017-11-21T01:13:00
  03/05/1888,,,,,,,,,
  03/05/1888,   26 48 N,  113 59 W,-8.7,115.2,abreojas pt lower california,                     bali,punta abreojos,,
  04/05/1888,,,,,,,,,
  04/05/1888,   28 14 N,  115 09 W,,,            at sea cerros,,,,
  05/05/1888,,,,,,,,,
  05/05/1888,     30 08,    116 21,,,,,,,
  06/05/1888,,,,,,,,,
  06/05/1888,   32 34 N,  117 55 W,,,smugglers cove san clemente id,,south coronado island,32 24.5N,2017-10-15T01:17:00
  07/05/1888,,,,,,,,,
  07/05/1888,     33 01,    118 33,,,smugglers cove and ne end clemente id,,san clemente island,32 54N,2018-01-30T01:18:00
  08/05/1888,,,,,,,,,
  08/05/1888,   34 24 N,  120 26 W,,,,,,,
  09/05/1888,,,,,,,,,
  09/05/1888,   36 28 N,  122 09 W,,,,,,,
  10/05/1888,,,,,,,,,
  10/05/1888,,,37.8,-122.4,        san francisco cal,        san francisco bay,,,
  11/05/1888,,,37.8,41.7,        san francisco bay,                     poti,san francisco bay,37 42 30N,2018-06-12T01:22:00
  11/05/1888,,,37.8,-122.4,        san francisco cal,        san francisco bay,,,
  12/05/1888,,,,,,,,,
  12/05/1888,,,37.8,-122.4,        san francisco cal,        san francisco bay,,,
  13/05/1888,,,,,,,,,
  13/05/1888,,,37.8,-122.4,        san francisco cal,        san francisco bay,,,
   14/5/1888,,,,,,,,,
   14/5/1888,,,37.8,-122.4,        san francisco cal,        san francisco bay,,,
  15/05/1888,,,,,,,,,
  15/05/1888,,,37.8,-122.4,        san francisco cal,        san francisco bay,,,
  16/05/1888,,,,,,,,,
  16/05/1888,,,37.8,-122.4,union iron works san francisco cal,        san francisco bay,union iron works,37 45 38.68N,2017-08-01T01:22:00
   17/5/1888,,,,,,,,,
   17/5/1888,,,37.8,-122.4,        san francisco cal,        san francisco bay,,,
  18/05/1888,,,,,,,,,
  18/05/1888,,,37.8,-122.4,        san francisco cal,        san francisco bay,,,
  19/05/1888,,,,,,,,,
  19/05/1888,,,37.8,-122.4,        san francisco cal,        san francisco bay,,,
  20/05/1888,,,,,,,,,
  20/05/1888,,,37.8,-122.4,        san francisco cal,        san francisco bay,,,
  21/05/1888,,,,,,,,,
  21/05/1888,,,37.8,-122.4,        san francisco cal,        san francisco bay,,,
  22/05/1888,,,,,,,,,
  22/05/1888,,,37.8,-122.4,union iron works san francisco ca,        san francisco bay,union iron works,,
  23/05/1888,,,,,,,,,
  23/05/1888,,,37.8,-122.4,        san francisco cal,        san francisco bay,,,
  24/05/1888,,,,,,,,,
  24/05/1888,,,37.8,-122.4,        san francisco cal,        san francisco bay,,,
  25/05/1888,,,,,,,,,
  25/05/1888,,,37.8,-122.4,        san francisco cal,        san francisco bay,,,
  26/05/1888,,,,,,,,,
  26/05/1888,,,37.8,-122.4,        san francisco cal,        san francisco bay,,,
  27/05/1888,,,,,,,,,
  27/05/1888,,,37.8,-122.4,        san francisco cal,        san francisco bay,,,
  28/05/1888,,,,,,,,,
  28/05/1888,,,37.8,-122.4,        san francisco cal,        san francisco bay,,,
  29/05/1888,,,,,,,,,
  29/05/1888,,,37.8,-122.4,        san francisco cal,        san francisco bay,,,
  30/05/1888,,,,,,,,,
  30/05/1888,,,37.8,-122.4,        san francisco cal,        san francisco bay,,,
  31/05/1888,,,,,,,,,
  31/05/1888,,,37.8,-122.4,        san francisco cal,        san francisco bay,,,
  01/06/1888,,,,,,,,,
  01/06/1888,,,37.8,-122.4,        san francisco cal,        san francisco bay,,,
  02/06/1888,,,,,,,,,
  02/06/1888,,,37.8,-122.4,        san francisco cal,        san francisco bay,,,
  03/06/1888,,,,,,,,,
  03/06/1888,,,37.8,-122.4,union iron works san francisco cal,        san francisco bay,union iron works,,
  04/06/1888,,,,,,,,,
  04/06/1888,,,37.8,-122.4,union iron works san francisco cal,        san francisco bay,union iron works,,
  05/06/1888,,,,,,,,,
  05/06/1888,,,37.8,-122.4,union iron works san francisco cal,        san francisco bay,union iron works,,
  06/06/1888,,,,,,,,,
  06/06/1888,,,37.8,-122.4,union iron works san francisco cal,        san francisco bay,union iron works,,
  07/06/1888,,,,,,,,,
  07/06/1888,,,37.8,-122.4,        san francisco cal,        san francisco bay,,,
  08/06/1888,,,,,,,,,
  08/06/1888,,,37.8,-122.4,union iron works san francisco cal,        san francisco bay,union iron works,,
  09/06/1888,,,,,,,,,
  09/06/1888,,,37.8,-122.4,union iron works san francisco cal,        san francisco bay,union iron works,,
  10/06/1888,,,,,,,,,
  10/06/1888,,,37.8,-122.4,union iron works san francisco cal,        san francisco bay,union iron works,,
  11/06/1888,,,,,,,,,
  11/06/1888,,,37.8,-122.4,union iron works san francisco cal,        san francisco bay,union iron works,,
  12/06/1888,,,,,,,,,
  12/06/1888,,,37.8,-122.4,union iron works san francisco cal,        san francisco bay,union iron works,,
  13/06/1888,,,,,,,,,
  13/06/1888,,,37.8,-122.4,union iron works san francisco cal,        san francisco bay,union iron works,,
  14/06/1888,,,,,,,,,
  14/06/1888,,,37.8,-122.4,union iron works san francisco cal,        san francisco bay,union iron works,,
  15/06/1888,,,,,,,,,
  15/06/1888,,,37.8,-122.4,union iron works san francisco cal,        san francisco bay,union iron works,,
  16/06/1888,,,,,,,,,
  16/06/1888,,,37.8,-122.4,union iron works san francisco cal,        san francisco bay,union iron works,,
  17/06/1888,,,,,,,,,
  17/06/1888,,,37.8,-122.4,union iron works san francisco cal,        san francisco bay,union iron works,,
  18/06/1888,,,,,,,,,
  18/06/1888,,,37.8,-122.4,union iron works  at anchor san francisco cal,        san francisco bay,union iron works,,
   19/6/1888,,,,,,,,,
   19/6/1888,,,37.8,-122.4,at anchor san francisco cal,        san francisco bay,,,
  20/06/1888,,,,,,,,,
  20/06/1888,,,37.8,-122.4,at anchor san francisco cal,        san francisco bay,,,
  21/06/1888,,,,,,,,,
  21/06/1888,,,37.8,-122.4,at anchor san francisco cal,        san francisco bay,,,
   22/6/1888,,,,,,,,,
   22/6/1888,,,37.8,-122.4,at anchor san francisco cal,        san francisco bay,,,
   23/6/1888,,,,,,,,,
   23/6/1888,,,37.8,-122.4,at anchor san francisco cal,        san francisco bay,,,
  24/06/1888,,,,,,,,,
  24/06/1888,,,37.8,-122.4,at anchor san francisco cal,        san francisco bay,,,
  25/06/1888,,,,,,,,,
  25/06/1888,,,37.8,-122.4,at anchor  dry dock union iron works san fracisco cal,            san francisco,union iron works,,
  26/06/1888,,,,,,,,,
  26/06/1888,,,37.8,-122.4,union iron works san francisco cal,        san francisco bay,union iron works,,
  27/06/1888,,,,,,,,,
  27/06/1888,,,37.8,-122.4,union iron works  at anchor san francisco cal,        san francisco bay,union iron works,,
  28/06/1888,,,,,,,,,
  28/06/1888,,,37.8,-122.4,at anchor san francisco cal,        san francisco bay,,,
  29/06/1888,,,,,,,,,
  29/06/1888,,,37.8,-122.4,at anchor  coal wharf san francisco cal,        san francisco bay,,,
  30/06/1888,,,,,,,,,
  30/06/1888,,,,,,,,,
  30/06/1888,,,,,,,,,
  30/06/1888,,,,,,,,,
  30/06/1888,,,,,,,,,
  30/06/1888,,,,,,,,,
  30/06/1888,,,,,,,,,
  30/06/1888,,,,,,,,,
  30/06/1888,,,,,,,,,
  30/06/1888,,,,,,,,,
  30/06/1888,,,,,,,,,
  30/06/1888,,,,,,,,,
  30/06/1888,,,,,,,,,
  30/06/1888,,,37.8,-122.4,at anchor san francisco cal,        san francisco bay,,,
  01/07/1888,,,,,,,,,
  01/07/1888,,,37.8,-122.4,at anchor san francisco cal,        san francisco bay,,,
  02/07/1888,,,,,,,,,
  02/07/1888,,,37.8,-122.4,at anchor san francisco cal,        san francisco bay,,,
  03/07/1888,,,,,,,,,
  03/07/1888,,,37.8,-122.4,san francisco cal  at sea,        san francisco bay,,,
  04/07/1888,,,,,,,,,
  04/07/1888,   40 21 N,  124 29 W,,,                   at sea,,,,
  05/07/1888,,,,,,,,,
  05/07/1888,   42 50 N,  124 43 W,,,                   at sea,,,,
  06/07/1888,,,,,,,,,
  06/07/1888,   45 09 N,  124 04 W,,,,,,,
  07/07/1888,,,,,,,,,
  07/07/1888,   48 25 N,  124 51 W,54.2,-165.6,     esquimault harbor bc,              lost harbor,esquimault harbour,48 26 00N,2017-07-04T01:23:00
  08/07/1888,,,,,,,,,
  08/07/1888,,,54.2,-165.6,esquimault harbor and departure bay bc,              lost harbor,esquimault harbour,,
  09/07/1888,,,,,,,,,
  09/07/1888,,,55.1,-6,         departure bay bc,                  red bay,departure bay,49.192011N,2019-11-18T00:00:00
  10/07/1888,,,,,,,,,
  10/07/1888,,,55.1,-6,departure bay and tribune harbor bc,                  red bay,tribune bay park,49 31 46N,2018-02-06T01:24:00
  11/07/1888,,,36.9,9.7,                dunlap pt,                     bone,tribune bay park,,
  11/07/1888,,,36.9,7.8,tribune harbor  beaver bay,                     bone,tribune bay park,,
  12/07/1888,,,,,,,,,
  12/07/1888,,,,,       beaver bay  at sea,,,,
   13/7/1888,,,,,,,,,
   13/7/1888,   51 14 N,  132 30 W,,,                   at sea,,,,
  14/07/1888,,,,,,,,,
  14/07/1888,   51 50 N,  137 25 W,,,                   at sea,,,,
   15/7/1888,,,,,,,,,
   15/7/1888,   52 24 N,  142 34 W,,,                   at sea,,,,
  16/07/1888,,,,,,,,,
  16/07/1888,   52 35 N,  147 14 W,,,                   at sea,,,,
  17/07/1888,,,,,,,,,
  17/07/1888,   52 13 N,  152 12 W,,,                   at sea,,,,
  18/07/1888,,,,,,,,,
  18/07/1888,   52 16 N,  157 44 W,,,                   at sea,,,,
   19/7/1888,,,,,,,,,
   19/7/1888,   52 30 N,  162 45 W,,,                   at sea,,,,
   20/7/1888,,,,,,,,,
   20/7/1888,   52 50 N,  166 42 W,,,                   at sea,,,,
  21/07/1888,,,,,,,,,
  21/07/1888,   53 40 N,  164 28 W,,,                   at sea,,,,
   22/7/1888,,,,,,,,,
   22/7/1888,   54 10 N,  166 13 W,43.1,16.7,iliuliuk harbor unalashka i,         illiuliuk harbor,unalaska bay,53 56 55N,2018-07-17T00:00:00
  23/07/1888,,,,,,,,,
  23/07/1888,,,53.9,-166.5,iliuliuk harbor unalashka id,         illiuliuk harbor,,,
  24/07/1888,,,,,,,,,
  24/07/1888,,,53.9,-166.5,iliuliuk harbor unalashka id,         illiuliuk harbor,,,
   25/7/1888,,,,,,,,,
   25/7/1888,,,53.9,-166.5,iliuliuk harbor unalaska id,         illiuliuk harbor,,,
  26/07/1888,,,,,,,,,
  26/07/1888,,,53.9,-166.5,iliuliuk harbor unalashka id,         illiuliuk harbor,,,
  27/07/1888,,,,,,,,,
  27/07/1888,   53 56 N,  116 07 W,43.1,16.7,iliuliuk harbor unalashka id,         illiuliuk harbor,,,
  28/07/1888,,,,,,,,,
  28/07/1888,   54 11 N,  164 46 W,,,,,,,
   29/7/1888,,,,,,,,,
   29/7/1888,   54 08 N,  162 43 W,,,,,,,
  30/07/1888,,,,,,,,,
  30/07/1888,   55 17 N,  160 31 W,22.4,-165.6,humboldt harbor popoff id,              tolo harbor,sand point alaska,55.336593N,2020-07-31T00:00:00
  31/07/1888,,,,,,,,,
  31/07/1888,   55 20 N,  160 32 W,22.4,114.2,humboldt harbor popoff id,              tolo harbor,sand point alaska,,
  01/08/1888,,,,,,,,,
  01/08/1888,   55 07 N,  160 04 W,54.2,16.7,    eagle harbor nagai id,              lost harbor,nagai island,55 05N,2017-07-11T00:00:00
  02/08/1888,,,,,,,,,
  02/08/1888,   54 44 N,  161 27 W,35.7,-0.6,    eagle harbor nagai id,                     oran,nagai island,,
  03/08/1888,,,,,,,,,
  03/08/1888,   54 56 N,  159 54 W,22.4,114.3,yukon harbor big konisishi id,              long harbor,shumagin islands,55 04 00N,2017-07-04T00:00:00
  04/08/1888,,,-18.1,45,                 yukon hr,                     suva,shumagin islands,,
  04/08/1888,   54 50 N,  159 08 W,22.4,114.3,yukon harbor big koniushi id,              long harbor,shumagin islands,,
  05/08/1888,,,,,,,,,
  05/08/1888,   54 34 N,  158 43 W,,,,,,,
  06/08/1888,,,,,,,,,
  06/08/1888,   55 45 N,  158 25 W,33.8,-118.2,    long beach alaska pen,               long beach,perryville alaska,55 54 49N,2017-08-01T01:59:00
  07/08/1888,,,,,,,,,
  07/08/1888,   55 43 N,  157 24 W,33.8,-118.2,at anchor long beach alaska pen  at sea,               long beach,perryville alaska,,
  08/08/1888,,,,,,,,,
  08/08/1888,   56 05 N,  154 57 W,,,,,,,
  09/08/1888,,,,,,,,,
  09/08/1888,   56 58 N,  153 20 W,22.4,114.2,     old harbor kodiak id,              tolo harbor,old harbour alaska,57 11 50N,2018-01-16T01:53:00
  10/08/1888,,,,,,,,,
  10/08/1888,   57 11 N,  153 12 W,22.4,114.2,     old harbor kodiak id,              tolo harbor,old harbour alaska,,
  11/08/1888,,,,,,,,,
  11/08/1888,,,22.4,114.2,     old harbor kodiak id,              tolo harbor,old harbour alaska,,
  12/08/1888,,,,,,,,,
  12/08/1888,   57 20 N,  152 13 W,,,,,,,
  13/08/1888,,,,,,,,,
  13/08/1888,   57 48 N,  152 21 W,57.1,-170.3,        st paul kodiak id,                  st paul,kodiak alaska,57 47 35N,2018-04-03T01:52:00
  14/08/1888,,,,,,,,,
  14/08/1888,,,57.1,-170.3,        st paul kodiak id,                  st paul,kodiak alaska,,
  15/08/1888,,,,,,,,,
  15/08/1888,,,57.1,-170.3,        st paul kodiak id,                  st paul,kodiak alaska,,
  16/08/1888,,,,,,,,,
  16/08/1888,,,57.1,-170.3,        st paul kodiak id,                  st paul,kodiak alaska,,
  17/08/1888,,,,,,,,,
  17/08/1888,,,57.1,-170.3,        st paul kodiak id,                  st paul,kodiak alaska,,
  18/08/1888,,,,,,,,,
  18/08/1888,,,57.1,-170.3,        st paul kodiak id,                  st paul,kodiak alaska,,
  19/08/1888,,,,,,,,,
  19/08/1888,,,57.1,-170.3,        st paul kodiak id,                  st paul,kodiak alaska,,
  20/08/1888,,,,,,,,,
  20/08/1888,,,57.1,-170.3,        st paul kodiak id,                  st paul,kodiak alaska,,
  21/08/1888,,,,,,,,,
  21/08/1888,   58 07 N,  151 33 W,,,,,,,
  22/08/1888,,,,,,,,,
  22/08/1888,   58 31 N,  150 56 W,,,,,,,
  23/08/1888,,,,,,,,,
  23/08/1888,   58 17 N,  148 36 W,,,,,,,
  24/08/1888,,,,,,,,,
  24/08/1888,   59 06 N,  147 30 W,59.4,-146.3,  middleton island alaska,         middleton island,,,
  25/08/1888,,,,,,,,,
  25/08/1888,,,59.4,-146.3,  middleton island alaska,         middleton island,,,
  26/08/1888,,,,,,,,,
  26/08/1888,   59 01 N,  142 51 W,,,,,,,
  27/08/1888,,,,,,,,,
  27/08/1888,   57 44 N,  139 30 W,,,,,,,
  28/08/1888,,,,,,,,,
  28/08/1888,   55 28 N,  136 25 W,,,                   at sea,,,,
  29/08/1888,,,,,,,,,
  29/08/1888,   53 21 N,  133 55 W,,,                   at sea,,,,
   30/8/1888,,,,,,,,,
   30/8/1888,   51 24 N,  130 15 W,,,,,,,
  31/08/1888,,,,,,,,,
  31/08/1888,   50 50 N,  127 43 W,50.6,-126.9,                alert bay,                alert bay,,,
  01/09/1888,,,,,,,,,
  01/09/1888,   50 15 N,  125 25 W,50.6,-126.9,aleut bay and tribune harbor,                alert bay,,,
  02/09/1888,,,,,,,,,
  02/09/1888,   49 13 N,  123 58 W,55.1,-6,tribune harbor and departure bay,                  red bay,tribune bay park,,
  03/09/1888,,,,,,,,,
  03/09/1888,,,55.1,-6,         departure bay bc,                  red bay,departure bay,,
  04/09/1888,,,,,,,,,
  04/09/1888,   48 57 N,  123 09 W,55.1,-6,departure bay bc and burrows bay,                  red bay,rosario strait,48.5N,2019-11-10T00:00:00
  05/09/1888,,,,,,,,,
  05/09/1888,   47 36 N,  122 20 W,47.6,-122.3,   burrows bay  seattle w,                  seattle,rosario strait,,
  06/09/1888,,,,,,,,,
  06/09/1888,,,47.6,-122.3,                  seattle,                  seattle,,,
  07/09/1888,,,,,,,,,
  07/09/1888,,,47.6,-122.3,                  seattle,                  seattle,,,
  08/09/1888,,,,,,,,,
  08/09/1888,,,47.6,-122.3,                  seattle,                  seattle,,,
  09/09/1888,,,,,,,,,
  09/09/1888,,,47.6,-122.3,                  seattle,                  seattle,,,
  10/09/1888,,,,,,,,,
  10/09/1888,,,47.6,-122.3,                  seattle,                  seattle,,,
  11/09/1888,,,,,,,,,
  11/09/1888,,,47.6,-122.3,                  seattle,                  seattle,,,
  12/09/1888,,,,,,,,,
  12/09/1888,,,47.6,-122.3,                  seattle,                  seattle,,,
  13/09/1888,,,,,,,,,
  13/09/1888,,,47.6,-122.3,                  seattle,                  seattle,,,
  14/09/1888,,,,,,,,,
Seattle W.T.,,,47.6,-122.3,               seattle wt,                  seattle,,,
  15/09/1888,,,,,,,,,
  15/09/1888,,,47.6,-122.3,                  seattle,                  seattle,,,
  16/09/1888,,,,,,,,,
  16/09/1888,   47 44 N,  122 26 W,48.1,-122.3,                  seattle,            port townsend,puget sound,47.6N,2019-11-07T00:00:00
  17/09/1888,,,,,,,,,
  17/09/1888,,,48.1,-122.8,         port townsend wt,            port townsend,,,
  18/09/1888,,,,,,,,,
  18/09/1888,   48 00 N,  126 02 W,,,,,,,
  19/09/1888,,,,,,,,,
  19/09/1888,   48 08 N,  125 04 W,,,                   at sea,,,,
  20/09/1888,,,,,,,,,
  20/09/1888,   47 52 N,  124 46 W,,,                   at sea,,,,
   21/9/1888,,,,,,,,,
   21/9/1888,,,,,,,,,
  09/21/1888,,,,,,,,,
  09/21/1888,   46 48 N,  124 58 W,,,                   at sea,,,,
   22/9/1888,,,,,,,,,
   22/9/1888,   46 48 N,  124 54 W,,,                   at sea,,,,
  23/09/1888,,,,,,,,,
  23/09/1888,   48 36 N,  124 56 W,,,     at sea  neeah bay wt,,,,
   24/9/1888,,,,,,,,,
   24/9/1888,   48 33 N,  125 14 W,,,        neeah bay  at sea,,,,
  25/09/1888,,,,,,,,,
  25/09/1888,   49 00 N,  125 48 W,,,            barclay sound,,,,
  26/09/1888,,,,,,,,,
  26/09/1888,,,,,            barclay sound,,,,
  09/27/1888,,,,,,,,,
  09/27/1888,,,,,            barclay sound,,,,
  28/09/1888,,,,,,,,,
  28/09/1888,   48 27 N,  125 09 W,,, barclay sound  neeah bay,,,,
  29/09/1888,,,,,,,,,
  29/09/1888,   48 13 N,  123 32 W,48.1,-122.8,at anchor neeah bay  port townsend wt,            port townsend,,,
  30/09/1888,,,,,,,,,
  30/09/1888,   47 44 N,  122 26 W,48.1,-122.8,port townsend and seattle,            port townsend,puget sound,,
  01/10/1888,,,,,,,,,
  01/10/1888,,,47.6,-122.3,                  seattle,                  seattle,,,
  02/10/1888,,,,,,,,,
  02/10/1888,,,47.6,-122.3,                  seattle,                  seattle,,,
  03/10/1888,,,,,,,,,
  03/10/1888,   47 43 N,  122 27 W,48.1,-122.8,                  seattle,            port townsend,puget sound,,
  04/10/1888,,,,,,,,,
  04/10/1888,,,48.1,-122.8,         port townsend wt,            port townsend,,,
  05/10/1888,,,,,,,,,
  05/10/1888,,,48.1,-122.8,port townsend and victoria bc,            port townsend,,,
  06/10/1888,,,,,,,,,
  06/10/1888,   48 59 N,  123 24 W,55.1,-6,victoria and departure bay bc,                  red bay,haro strait,48 33N,2017-10-03T01:23:00
   7/10/1888,,,,,,,,,
   7/10/1888,,,55.1,-6,         departure bay bc,                  red bay,departure bay,,
  08/10/1888,,,,,,,,,
  08/10/1888,,,55.1,-6,         departure bay bc,                  red bay,departure bay,,
  09/10/1888,,,,,,,,,
  09/10/1888,   48 39 N,  123 15 W,55.1,-6,            departure bay,                  red bay,departure bay,,
  10/10/1888,,,,,,,,,
  10/10/1888,   47 03 N,  124 20 W,,,,,,,
  11/10/1888,,,,,,,,,
  11/10/1888,   46 00 N,  124 58 W,,,,,,,
  12/10/1888,,,,,,,,,
  12/10/1888,   46 08 N,  124 45 W,,,,,,,
  13/10/1888,,,,,,,,,
  13/10/1888,,,46.2,-123.8,           astoria oregon,                  astoria,,,
  14/10/1888,,,,,,,,,
  14/10/1888,,,46.2,-123.8,           astoria oregon,                  astoria,,,
  15/10/1888,,,,,,,,,
  15/10/1888,,,46.2,-123.8,           astoria oregon,                  astoria,,,
  16/10/1888,,,,,,,,,
  16/10/1888,,,46.2,-123.8,           astoria oregon,                  astoria,,,
  17/10/1888,,,,,,,,,
  17/10/1888,   46 14 N,  124 03 W,46.2,-123.8,           astoria oregon,                  astoria,,,
  18/10/1888,,,,,,,,,
  18/10/1888,   43 59 N,  125 03 W,,,                   at sea,,,,
  19/10/1888,,,30,48.5,           yaquinna light,                      fao,yaquina bay light,44.62415N,2019-11-19T00:00:00
  19/10/1888,   40 42 N,  124 52 W,,,,,,,
  20/10/1888,,,,,,,,,
  20/10/1888,   37 49 N,  122 28 W,37.8,-122.4,        san francisco cal,        san francisco bay,,,
  21/10/1888,,,,,,,,,
  21/10/1888,,,37.8,-122.4,        san francisco cal,        san francisco bay,,,
  22/10/1888,,,,,,,,,
  22/10/1888,,,37.8,-122.4,        san francisco cal,        san francisco bay,,,
  23/10/1888,,,,,,,,,
  23/10/1888,,,37.8,-122.4,        san francisco cal,        san francisco bay,,,
  24/10/1888,,,,,,,,,
  24/10/1888,,,37.8,-122.4,        san francisco cal,        san francisco bay,,,
  25/10/1888,,,,,,,,,
  25/10/1888,,,37.8,-122.4,        san francisco cal,        san francisco bay,,,
  26/10/1888,,,,,,,,,
  26/10/1888,,,37.8,-122.4,        san francisco cal,        san francisco bay,,,
  27/10/1888,,,,,,,,,
  27/10/1888,,,37.8,-122.4,        san francisco cal,        san francisco bay,,,
  28/10/1888,,,,,,,,,
  28/10/1888,,,37.8,-122.4,        san francisco cal,        san francisco bay,,,
  29/10/1888,,,,,,,,,
  29/10/1888,,,37.8,-122.4,at anchor san francisco cal,        san francisco bay,,,
  30/10/1888,,,,,,,,,
  30/10/1888,,,37.8,-122.4,        san francisco cal,        san francisco bay,,,
  31/10/1888,,,,,,,,,
  31/10/1888,,,37.8,-122.4,at anchor san francisco cal,        san francisco bay,,,
  01/11/1888,,,,,,,,,
  01/11/1888,,,37.8,-122.4,         san franciscocal,            san francisco,,,
  02/11/1888,,,,,,,,,
  02/11/1888,,,37.8,-122.4,        san francisco cal,        san francisco bay,,,
  03/11/1888,,,,,,,,,
  03/11/1888,,,37.8,-122.4,        san francisco cal,        san francisco bay,,,
  04/11/1888,,,,,,,,,
  04/11/1888,,,37.8,-122.4,        san francisco cal,        san francisco bay,,,
  05/11/1888,,,,,,,,,
  05/11/1888,,,37.8,-122.4,at anchor san francisco cal,        san francisco bay,,,
  06/11/1888,,,,,,,,,
  06/11/1888,,,37.8,-122.4,        san francisco cal,        san francisco bay,,,
  07/11/1888,,,,,,,,,
  07/11/1888,,,37.8,-122.4,        san francisco cal,        san francisco bay,,,
  08/11/1888,,,,,,,,,
  08/11/1888,,,37.8,-122.4,        san francisco cal,        san francisco bay,,,
  09/11/1888,,,,,,,,,
  09/11/1888,,,37.8,-122.4,        san francisco cal,        san francisco bay,,,
  10/11/1888,,,,,,,,,
  10/11/1888,,,37.8,-122.4,        san francisco cal,        san francisco bay,,,
  11/11/1888,,,,,,,,,
  11/11/1888,,,37.8,-122.4, san francisco harbor cal,        san francisco bay,,,
  12/11/1888,,,,,,,,,
  12/11/1888,,,37.8,-122.4,        san francisco cal,        san francisco bay,,,
  13/11/1888,,,,,,,,,
  13/11/1888,,,37.8,-122.4,        san francisco cal,        san francisco bay,,,
  14/11/1888,,,,,         union iron works,,,,
  14/11/1888,,,37.8,-122.4,union iron works san francisco cal,        san francisco bay,union iron works,,
  15/11/1888,,,,,,,,,
  15/11/1888,,,37.8,-122.4,union iron works san francisco cal,        san francisco bay,union iron works,,
  16/11/1888,,,,,,,,,
  16/11/1888,,,37.8,-122.4,union iron works san francisco cal,        san francisco bay,union iron works,,
  17/11/1888,,,,,,,,,
  17/11/1888,,,37.8,-122.4,        san francisco cal,        san francisco bay,,,
  18/11/1888,,,,,,,,,
  18/11/1888,,,37.8,-122.4,union iron works san francisco cal,        san francisco bay,union iron works,,
  19/11/1888,,,,,,,,,
  19/11/1888,,,37.8,-122.4,        san francisco cal,        san francisco bay,,,
  20/11/1888,,,,,,,,,
  20/11/1888,,,37.8,-122.4,        san francisco cal,        san francisco bay,,,
  21/11/1888,,,,,,,,,
  21/11/1888,,,37.8,-122.4,        san francisco cal,        san francisco bay,,,
  22/11/1888,,,,,,,,,
  22/11/1888,,,37.8,-122.4,        san francisco cal,        san francisco bay,,,
  23/11/1888,,,,,,,,,
  23/11/1888,,,37.8,-122.4,        san francisco cal,        san francisco bay,,,
  24/11/1888,,,,,,,,,
  24/11/1888,,,37.8,-122.4,union iron works san francisco cal,        san francisco bay,union iron works,,
  25/11/1888,,,,,,,,,
  25/11/1888,,,37.8,-122.4,at union iron works san francisco cal,        san francisco bay,union iron works,,
  26/11/1888,,,,,,,,,
  26/11/1888,,,37.8,-122.4,union iron works san francisco cal,        san francisco bay,union iron works,,
  27/11/1888,,,,,,,,,
  27/11/1888,,,37.8,-122.4,union iron works san francisco cal,        san francisco bay,union iron works,,
  28/11/1888,,,,,,,,,
  28/11/1888,,,37.8,-122.4,union iron works san francisco cal,        san francisco bay,union iron works,,
  29/11/1888,,,,,,,,,
  29/11/1888,,,37.8,-122.4,union iron works san francisco cal,        san francisco bay,union iron works,,
  30/11/1888,,,,,,,,,
  30/11/1888,,,37.8,-122.4,union iron works san francisco cal,        san francisco bay,union iron works,,
   1/12/1888,,,,,,,,,
   1/12/1888,,,37.8,-122.4,union iron works san francisco cal,        san francisco bay,union iron works,,
   2/12/1888,,,,,,,,,
   2/12/1888,,,37.8,-122.4,union iron works san francisco cal,        san francisco bay,union iron works,,
   3/12/1888,,,,,,,,,
   3/12/1888,,,37.8,-122.4,union iron works san francisco cal,        san francisco bay,union iron works,,
   4/12/1888,,,,,,,,,
   4/12/1888,,,37.8,-122.4,union iron works san francisco cal,        san francisco bay,union iron works,,
  05/12/1888,,,,,,,,,
  05/12/1888,,,37.8,-122.4,union iron works san francisco cal,        san francisco bay,union iron works,,
   6/12/1888,,,,,,,,,
   6/12/1888,,,37.8,-122.4,union iron works san francisco cal,        san francisco bay,union iron works,,
   7/12/1888,,,,,,,,,
   7/12/1888,,,37.8,-122.4,union iron works san francisco cal,        san francisco bay,union iron works,,
   8/12/1888,,,,,,,,,
   8/12/1888,,,37.8,-122.4,union iron works san francisco cal,        san francisco bay,union iron works,,
   9/12/1888,,,,,,,,,
   9/12/1888,,,37.8,-122.4,union iron works san francisco cal,        san francisco bay,union iron works,,
  10/12/1888,,,,,,,,,
  10/12/1888,,,37.8,-122.4,union iron works san francisco cal,        san francisco bay,union iron works,,
  11/12/1888,,,,,,,,,
  11/12/1888,,,37.8,-122.4,union iron works san francisco cal,        san francisco bay,union iron works,,
  12/12/1888,,,38.9,-77,foot of washington street,            washington dc,port of san francisco,37.797136N,2019-11-07T00:00:00
  12/12/1888,,,37.8,-122.4,at anchor in san francisco bay cal,        san francisco bay,,,
  13/12/1888,,,,,,,,,
  13/12/1888,,,37.8,-122.4,at anchor in san francisco bay cal,        san francisco bay,,,
  14/12/1888,,,,,,,,,
  14/12/1888,,,37.8,-122.4,at anchor in san francisco bay cal,        san francisco bay,,,
  15/12/1888,,,,,,,,,
  15/12/1888,,,37.8,-122.4,        san francisco cal,        san francisco bay,,,
  16/12/1888,,,,,,,,,
  16/12/1888,,,37.8,-122.4,        san francisco cal,        san francisco bay,,,
  17/12/1888,,,,,,,,,
  17/12/1888,,,37.8,-122.4,        san francisco cal,        san francisco bay,,,
  18/12/1888,,,,,,,,,
  18/12/1888,,,37.8,-122.4,at anchor san francisco bay california,        san francisco bay,,,
  19/12/1888,,,,,,,,,
  19/12/1888,,,37.8,-122.4,        san francisco cal,        san francisco bay,,,
  20/12/1888,,,,,,,,,
  20/12/1888,,,37.8,-122.4,        san francisco cal,        san francisco bay,,,
  21/12/1888,,,,,,,,,
  21/12/1888,,,37.8,-122.4,        san francisco cal,        san francisco bay,,,
  22/12/1888,,,,,,,,,
  22/12/1888,,,37.8,-122.4,        san francisco cal,        san francisco bay,,,
  23/12/1888,,,,,,,,,
  23/12/1888,,,37.8,-122.4,        san francisco cal,        san francisco bay,,,
  24/12/1888,,,,,,,,,
  24/12/1888,,,37.8,-122.4,        san francisco cal,        san francisco bay,,,
  25/12/1888,,,,,,,,,
  25/12/1888,,,37.8,-122.4,        san francisco cal,        san francisco bay,,,
  26/12/1888,,,,,,,,,
  26/12/1888,,,37.8,-122.4,union iron works san francisco cal,        san francisco bay,union iron works,,
  27/12/1888,,,,,,,,,
  27/12/1888,,,37.8,-122.4,union iron works san francisco cal,        san francisco bay,union iron works,,
  28/12/1888,,,,,,,,,
  28/12/1888,,,37.8,-122.4,union iron works san francisco cal,        san francisco bay,union iron works,,
  29/12/1888,,,,,,,,,
  29/12/1888,,,37.8,-122.4,        san francisco cal,        san francisco bay,,,
  30/12/1888,,,,,,,,,
  30/12/1888,,,37.8,-122.4,        san francisco cal,        san francisco bay,,,
  31/12/1888,,,,,,,,,
  31/12/1888,,,37.8,-122.4,        san francisco cal,        san francisco bay,,,
