  12/01/1930,        NA,        NA_2,-22.3,166.4,            juneau alaska,                    nunea,juneau alaska,58.3014485N,134.4216125W
  12/01/1930,,,-22.3,166.4,            juneau alaska,                    nunea,juneau alaska,,
  13/01/1930,,,-22.3,166.4,            juneau alaska,                    nunea,juneau alaska,,
  13/01/1930,,,-22.3,166.4,            juneau alaska,                    nunea,juneau alaska,,
  14/01/1930,,,-22.3,166.4,            juneau alaska,                    nunea,juneau alaska,,
  14/01/1930,,,-22.3,166.4,            juneau alaska,                    nunea,juneau alaska,,
  15/01/1930,,,-22.3,166.4,            juneau alaska,                    nunea,juneau alaska,,
  15/01/1930,,,-22.3,166.4,            juneau alaska,                    nunea,juneau alaska,,
  16/01/1930,,,-22.3,166.4,            juneau alaska,                    nunea,juneau alaska,,
  16/01/1930,,,-22.3,166.4,            juneau alaska,                    nunea,juneau alaska,,
  17/01/1930,,,-22.3,166.4,            juneau alaska,                    nunea,juneau alaska,,
  17/01/1930,,,-22.3,166.4,            juneau alaska,                    nunea,juneau alaska,,
  18/01/1930,,,-22.3,166.4,                   juneau,                    nunea,juneau alaska,,
  18/01/1930,,,-22.3,166.4,            juneau alaska,                    nunea,juneau alaska,,
  19/01/1930,,,-22.3,166.4,            juneau alaska,                    nunea,juneau alaska,,
  19/01/1930,,,57.8,-134.9,      north passage point,      south passage point,chatham strait,56 57 54N,2018-02-13T01:34:00
  20/01/1930,,,52.8,48.5,through gastineau channel and stephens passage,                      fao,stephens passage,57 49 01N,2018-02-27T01:33:00
  20/01/1930,,,15.5,73.9,       olga strait alaska,                      goa,sitka sound,56 58 22N,2018-01-09T01:35:00
  21/01/1930,,,30,43.4,through peril strait and neva strait,                      fao,peril strait,57 31 52N,2017-10-10T01:35:00
  21/01/1930,,,,,,,,,
  21/01/1930,,,,,,,,,
  21/01/1930,   56 31 N,  135 18 W,57,-135.4,             sitka alaska,                    sitka,,,
  22/01/1930,,,,,,,,,
  22/01/1930,   56 03 N,  134 23 W,29.9,32.6,    port armstrong alaska,            sumner strait,chatham strait,,
  23/01/1930,,,,,,,,,
  23/01/1930,,,55.4,-131.7,       steamer bay alaska,                ketchikan,stikine strait,56 18 42N,2018-07-03T01:32:00
  24/01/1930,,,,,,,,,
  24/01/1930,,,42.2,41.7,         ketchikan alaska,                     poti,ketchikan alaska,55 21 00N,2017-12-19T01:31:00
  25/01/1930,,,,,,,,,
  25/01/1930,,,52.1,-128.8,             fraser reach,           mcloughlin bay,,,
  26/01/1930,,,,,,,,,
  26/01/1930,,,51.2,-128.1,        mcloughlin bay bc,               egg island,queen charlotte sound,51 30N,2018-01-30T01:28:00
  27/01/1930,,,,,,,,,
  27/01/1930,,,50.6,-126.9,off broken island johnstone strait,                alert bay,johnstone strait,50 28N,2017-08-08T01:26:00
  28/01/1930,,,,,,,,,
  28/01/1930,,,49.7,-124.9,         off cape lazo bc,                cape lazo,,,
  29/01/1930,,,,,,,,,
  29/01/1930,,,47.6,-122.3,       off point no point,                  seattle,point no point,47 54 43N,2018-02-20T01:22:00
  30/01/1930,,,,,,,,,
  30/01/1930,,,47.6,-122.3,       seattle washington,                  seattle,,,
  31/01/1930,,,,,,,,,
  31/01/1930,,,,,,,,,
  31/01/1930,,,,,,,,,
  31/01/1930,,,,,,,,,
  31/01/1930,,,,,,,,,
  31/01/1930,,,,,,,,,
  31/01/1930,,,,,,,,,
  31/01/1930,,,,,,,,,
  31/01/1930,,,,,,,,,
  31/01/1930,,,47.6,-122.3,       seattle washington,                  seattle,,,
  01/02/1930,,,,,,,,,
  01/02/1930,,,47.6,-122.3,       seattle washington,                  seattle,,,
  02/02/1930,,,,,,,,,
  02/02/1930,,,47.6,-122.3,       seattle washington,                  seattle,,,
  03/02/1930,,,,,,,,,
  03/02/1930,,,47.6,-122.3,       seattle washington,                  seattle,,,
  04/02/1930,,,,,,,,,
  04/02/1930,,,47.6,-122.3,       seattle washington,                  seattle,,,
  05/02/1930,,,,,,,,,
  05/02/1930,,,47.6,-122.3,       seattle washington,                  seattle,,,
  06/02/1930,,,,,,,,,
  06/02/1930,,,51.1,-122.3,off point glover rich passage,                  seattle,rich passage,47.595N,2019-11-08T00:00:00
  07/02/1930,,,,,,,,,
  07/02/1930,,,47.6,-122.6,     bremerton washington,                bremerton,,,
  08/02/1930,,,,,,,,,
  08/02/1930,,,47.6,-122.6,     bremerton washington,                bremerton,,,
  09/02/1930,,,,,,,,,
  09/02/1930,,,30.6,117.2,   puget sound washington,                    mashi,puget sound,47.6N,2019-11-07T00:00:00
  10/02/1930,,,,,,,,,
  10/02/1930,,,47.6,-122.6,     bremerton washington,                bremerton,,,
  11/02/1930,,,,,,,,,
  11/02/1930,,,30.6,117.2,   puget sound washington,                    mashi,puget sound,,
  12/02/1930,,,,,,,,,
  12/02/1930,,,30.6,117.2,   puget sound washington,                    mashi,puget sound,,
  13/02/1930,,,,,,,,,
  13/02/1930,,,30.6,117.2,   puget sound washington,                    mashi,puget sound,,
  14/02/1930,,,,,,,,,
  14/02/1930,,,30.6,117.2,   puget sound washington,                    mashi,puget sound,,
  15/02/1930,,,,,,,,,
  15/02/1930,,,30.6,117.2,   puget sound washington,                    mashi,puget sound,,
  16/02/1930,,,,,,,,,
  16/02/1930,,,30.6,117.2,   puget sound washington,                    mashi,puget sound,,
  17/02/1930,,,,,,,,,
  17/02/1930,,,30.6,117.2,   puget sound washington,                    mashi,puget sound,,
  18/02/1930,,,,,,,,,
  18/02/1930,,,47.6,-122.3,       seattle washington,                  seattle,,,
  19/02/1930,,,,,,,,,
  19/02/1930,,,47.6,-122.3,       seattle washington,                  seattle,,,
  20/02/1930,,,,,,,,,
  20/02/1930,,,47.6,-122.3,       seattle washington,                  seattle,,,
  21/02/1930,,,,,,,,,
  21/02/1930,,,47.6,-122.3,       seattle washington,                  seattle,,,
  22/02/1930,,,,,,,,,
  22/02/1930,,,47.6,-122.3,       seattle washington,                  seattle,,,
  23/02/1930,,,,,,,,,
  23/02/1930,,,47.6,-122.3,       seattle washington,                  seattle,,,
  24/02/1930,,,,,,,,,
  24/02/1930,,,50.5,-126.1,        johnstone straits,         johnstone strait,,,
  25/02/1930,,,,,,,,,
  25/02/1930,,,,,,,,,
  25/02/1930,,,,,,,,,
  25/02/1930,,,53.4,-3,      off cape calvert bc,                   albert,calvert island bc,51 35N,2017-07-25T01:28:00
  26/02/1930,,,,,,,,,
  26/02/1930,,,25.8,-171.7,     off finlayson island,                   laysan,lax kwalaams,54.550N,2020-01-02T00:00:00
  27/02/1930,,,,,,,,,
  27/02/1930,,,13.4,-131.7,             off guard is,                     guam,guard island light,55.445990N,2020-01-13T00:00:00
  28/02/1930,,,,,,,,,
  28/02/1930,,,,,,,,,
  28/02/1930,,,,,,,,,
  28/02/1930,,,,,,,,,
  28/02/1930,,,,,,,,,
  28/02/1930,,,,,,,,,
  28/02/1930,,,,,,,,,
  28/02/1930,,,,,,,,,
  28/02/1930,,,,,,,,,
  28/02/1930,,,56.5,-132.4,          wrangell alaska,                 wrangell,,,
  01/03/1930,,,,,,,,,
  01/03/1930,,,,,,,,,
  01/03/1930,,,,,,,,,
  01/03/1930,,,-22.3,166.4,            juneau alaska,                    nunea,juneau alaska,,
  02/03/1930,,,,,,,,,
  02/03/1930,,,52.8,173.3,        gastineau channel,                    nunea,juneau alaska,,
  03/03/1930,,,,,,,,,
  03/03/1930,     58 42,    141 23,,,,,,,
  04/03/1930,,,,,,,,,
  04/03/1930,   59 40 N,  149 17 W,60,-149.4,off hive island resurrection bay,         resurrection bay,,,
  05/03/1930,,,,,,,,,
  05/03/1930,     59 32,    148 52,60.1,-149.4,            seward alaska,                   seward,,,
  06/03/1930,,,,,,,,,
  06/03/1930,     58 46,    145 10,,,,,,,
  07/03/1930,,,,,,,,,
  07/03/1930,     59 15,    140 03,,,,,,,
  08/03/1930,,,,,,,,,
  08/03/1930,     59 28,    144 05,,,,,,,
  09/03/1930,,,,,,,,,
  09/03/1930,     59 40,    145 22,,,,,,,
  10/03/1930,,,,,,,,,
  10/03/1930,     59 34,    140 00,54.1,-165.8,                  yakutat,                   akutan,yakutat alaska,59 32 49N,2018-03-27T01:39:00
  11/03/1930,,,,,,,,,
  11/03/1930,   59 37 N,  142 57 W,,,,,,,
  12/03/1930,,,,,,,,,
  12/03/1930,     59 15,    146 09,,,,,,,
  13/03/1930,,,,,,,,,
  13/03/1930,     59 45,    144 45,52.1,-128.1,           wingham island,              camp island,kayak island,59 56 03N,2017-08-15T01:44:00
  14/03/1930,,,,,,,,,
  14/03/1930,,,,,,,,,
  14/03/1930,,,,,,,,,
  14/03/1930,     59 42,    146 40,,,,,,,
  15/03/1930,,,,,,,,,
  15/03/1930,     58 43,    146 58,,,,,,,
  16/03/1930,,,,,,,,,
  16/03/1930,     59 21,    148 47,,,,,,,
  17/03/1930,,,,,,,,,
  17/03/1930,,,60.1,-149.4,            seward alaska,                   seward,,,
  18/03/1930,,,,,,,,,
  18/03/1930,,,60.1,-149.4,            seward alaska,                   seward,,,
  19/03/1930,,,,,,,,,
  19/03/1930,,,60.1,-149.4,            seward alaska,                   seward,,,
  20/03/1930,,,,,,,,,
  20/03/1930,,,60.1,-149.4,            seward alaska,                   seward,,,
  21/03/1930,,,,,,,,,
  21/03/1930,     59 33,    148 14,60.1,-149.4,            seward alaska,                   seward,,,
  22/03/1930,,,,,,,,,
  22/03/1930,   58 20 N,  140 12 W,,,,,,,
  23/03/1930,,,,,,,,,
  23/03/1930,,,-22.3,166.4,        gastineau channel,             east channel,juneau alaska,,
  24/03/1930,,,,,,,,,
  24/03/1930,,,-22.3,48.5,            juneau alaska,                      fao,juneau alaska,,
  25/03/1930,,,,,,,,,
  25/03/1930,,,55.5,-132.1,        off niblack point,            niblack point,,,
  26/03/1930,,,,,,,,,
  26/03/1930,,,,,,,,,
  26/03/1930,,,,,,,,,
  26/03/1930,,,-17.7,168.3,    watson rr gunville ch,                     vila,queen charlotte sound,,
  27/03/1930,,,,,,,,,
  27/03/1930,     51 27,    129 15,,,                  jane is,,,,
  28/03/1930,,,,,,,,,
  28/03/1930,     49 05,    127 33,,,,,,,
  29/03/1930,,,,,,,,,
  29/03/1930,,,,,              elliott bay,,,,
  30/03/1930,,,,,,,,,
  30/03/1930,,,47.6,-122.3,       seattle washington,                  seattle,,,
  31/03/1930,,,,,,,,,
  31/03/1930,,,,,,,,,
  31/03/1930,,,,,,,,,
  31/03/1930,,,,,,,,,
  31/03/1930,,,,,,,,,
  31/03/1930,,,,,,,,,
  31/03/1930,,,,,,,,,
  31/03/1930,,,,,,,,,
  31/03/1930,,,,,,,,,
  31/03/1930,,,,,,,,,
  31/03/1930,,,,,,,,,
  31/03/1930,,,47.6,-122.3,       seattle washington,                  seattle,,,
  01/04/1930,,,,,,,,,
  01/04/1930,,,47.6,-122.3,       seattle washington,                  seattle,,,
  02/04/1930,,,,,,,,,
  02/04/1930,,,47.6,-122.3,       seattle washington,                  seattle,,,
  03/04/1930,,,,,,,,,
  03/04/1930,,,47.6,-122.3,       seattle washington,                  seattle,,,
  04/04/1930,,,,,,,,,
  04/04/1930,,,47.6,-122.3,       seattle washington,                  seattle,,,
  05/04/1930,,,,,,,,,
  05/04/1930,,,47.6,-122.3,       seattle washington,                  seattle,,,
  06/04/1930,,,,,,,,,
  06/04/1930,,,47.6,-122.3,       seattle washington,                  seattle,,,
  07/04/1930,,,,,,,,,
  07/04/1930,,,47.6,-122.3,       seattle washington,                  seattle,,,
  08/04/1930,,,,,,,,,
  08/04/1930,,,47.6,-122.3,       seattle washington,                  seattle,,,
  09/04/1930,,,,,,,,,
  09/04/1930,,,47.6,-122.3,       seattle washington,                  seattle,,,
  10/04/1930,,,,,,,,,
  10/04/1930,,,47.6,-122.3,       seattle washington,                  seattle,,,
  11/04/1930,,,,,,,,,
  11/04/1930,,,47.6,-122.3,       seattle washington,                  seattle,,,
  12/04/1930,,,,,,,,,
  12/04/1930,,,47.6,-122.3,       seattle washington,                  seattle,,,
  13/04/1930,,,,,,,,,
  13/04/1930,,,47.6,-122.3,              puget sound,                  seattle,,,
  14/04/1930,,,,,,,,,
  14/04/1930,   48 13 N,  123 21 W,47.6,-122.6,     bremerton washington,                bremerton,,,
  15/04/1930,,,,,,,,,
  15/04/1930,   49 30 N,  127 05 W,,,,,,,
  16/04/1930,,,,,,,,,
  16/04/1930,   51 46 N,  131 37 W,,,,,,,
  17/04/1930,,,,,,,,,
  17/04/1930,   55 32 N,  135 04 W,,,,,,,
  18/04/1930,,,,,,,,,
  18/04/1930,,,,,        lynn canal alaska,,,,
  19/04/1930,,,,,,,,,
  19/04/1930,,,-22.3,166.4,            juneau alaska,                    nunea,juneau alaska,,
  20/04/1930,,,,,,,,,
  20/04/1930,,,-22.3,166.4,            juneau alaska,                    nunea,juneau alaska,,
  22/04/1930,,,,,,,,,
  22/04/1930,   58 19 N,  137 38 W,50.2,-125.3,off spasshain island alaska,            chain islands,lituya bay,58 38 13N,2017-12-12T01:37:00
  22/04/1930,,,,,,,,,
  22/04/1930,   58 58 N,  142 02 W,,,,,,,
  23/04/1930,,,,,,,,,
  23/04/1930,   58 25 N,  149 05 W,,,,,,,
  27/04/1930,,,,,,,,,
  27/04/1930,   58 56 N,  149 21 W,,,,,,,
  25/04/1930,,,,,,,,,
  25/04/1930,   59 33 N,  148 30 W,60.1,-149.4,            seward alaska,                   seward,,,
  26/04/1930,,,,,,,,,
  26/04/1930,,,60.1,-149.4,            seward alaska,                   seward,,,
  27/04/1930,,,,,,,,,
  27/04/1930,,,60.1,-149.4,            seward alaska,                   seward,,,
  28/04/1930,,,,,,,,,
  28/04/1930,   58 59 N,  149 37 W,60,-149.4,            seward alaska,                   seward,,,
  29/04/1930,,,,,,,,,
  29/04/1930,   57 30 N,    156 38,,,,,,,
  30/04/1930,,,,,,,,,
  30/04/1930,,,,,,,,,
  30/04/1930,,,,,,,,,
  30/04/1930,,,,,,,,,
  30/04/1930,,,,,,,,,
  30/04/1930,,,,,,,,,
  30/04/1930,,,,,,,,,
  30/04/1930,,,,,,,,,
  30/04/1930,,,,,,,,,
  30/04/1930,,,,,,,,,
  30/04/1930,,,,,,,,,
  30/04/1930,   56 58 N,  152 06 W,,,,,,,
  01/05/1930,,,,,,,,,
  01/05/1930,   58 05 N,  151 35 W,29.5,35,       chiniak bay alaska,                    akaba,marmot island,58 12 56N,2017-12-12T01:51:00
  02/05/1930,,,,,,,,,
  02/05/1930,,,57.8,-152.4,            kodiak alaska,                   kodiak,,,
  03/05/1930,,,,,,,,,
  03/05/1930,,,57.8,-152.4,            kodiak alaska,                   kodiak,,,
  04/05/1930,,,,,,,,,
  04/05/1930,,,57.8,-152.4,            kodiak alaska,                   kodiak,,,
  05/05/1930,,,,,,,,,
  05/05/1930,   57 41 N,  154 28 W,66.2,-152.4,            kodiak alaska,                   whalen,shelikof strait,57 52 54N,2018-02-06T01:54:00
  06/05/1930,,,,,,,,,
  06/05/1930,,,,,,,,,
  06/05/1930,,,,,,,,,
  06/05/1930,   56 39 N,  156 27 W,,,,,,,
  07/05/1930,,,,,,,,,
  07/05/1930,   56 11 N,  157 30 W,38.5,-28.6,     anchorage bay alaska,                    horta,chignik alaska,56 17 54N,2017-10-24T01:58:00
  08/05/1930,,,,,,,,,
  08/05/1930,,,,,,,,,
  08/05/1930,,,,,,,,,
  08/05/1930,,,57,-160.6,           gulf of alaska,              baralof bay,unga island,55 15 38N,2018-04-24T00:00:00
  09/05/1930,,,,,,,,,
  09/05/1930,,,55.2,-160.6,       baralof bay alaska,              baralof bay,,,
  10/05/1930,,,,,,,,,
  10/05/1930,,,55.2,-160.6,       baralof bay alaska,              baralof bay,,,
  11/05/1930,,,,,,,,,
  11/05/1930,   54 41 N,  161 10 W,55.2,-160.6,       baralof bay alaska,              baralof bay,,,
  12/05/1930,,,,,,,,,
  12/05/1930,   54 20 N,  165 52 W,,,,,,,
  13/05/1930,,,,,,,,,
  13/05/1930,,,,,,,,,
  13/05/1930,,,,,,,,,
  13/05/1930,   54 05 N,  166 38 W,,,                 unalaska,,,,
  14/05/1930,,,,,,,,,
  14/05/1930,,,,,                 unalaska,,,,
  15/05/1930,,,,,,,,,
  15/05/1930,,,,,                 unalaska,,,,
  16/05/1930,,,,,,,,,
  16/05/1930,,,,,                 unalaska,,,,
  17/05/1930,,,,,,,,,
  17/05/1930,   53 37 N,  168 05 W,53,-168.9,nikolski bay umnak is alaska,             nikolski bay,,,
  18/05/1930,,,,,,,,,
  18/05/1930,   52 34 N,  172 50 W,,,                     atka,,,,
  19/05/1930,,,,,,,,,
  19/05/1930,   52 22 N,  173 17 W,,,              atka alaska,,,,
  20/05/1930,,,,,,,,,
  20/05/1930,   53 23 N,  170 43 W,,,,,,,
  21/05/1930,,,,,,,,,
  21/05/1930,,,,,                 unalaska,,,,
  22/05/1930,,,,,,,,,
  22/05/1930,,,,,                 unalaska,,,,
  23/05/1930,,,,,,,,,
  23/05/1930,,,,,                 unalaska,,,,
  24/05/1930,,,,,,,,,
  24/05/1930,,,,,                 unalaska,,,,
  25/05/1930,,,,,,,,,
  25/05/1930,,,,,                 unalaska,,,,
  26/05/1930,,,,,,,,,
  26/05/1930,,,,,                 unalaska,,,,
  27/05/1930,,,,,,,,,
  27/05/1930,   54 05 N,  166 20 W,,,                 unalaska,,,,
  28/05/1930,,,,,,,,,
  28/05/1930,   54 28 N,  163 54 W,,,,,,,
  29/05/1930,,,,,,,,,
  29/05/1930,   54 05 N,  160 25 W,,,,,,,
  30/05/1930,,,,,,,,,
  30/05/1930,   56 08 N,  154 35 W,,,,,,,
  31/05/1930,,,,,,,,,
  31/05/1930,,,,,,,,,
  31/05/1930,,,,,,,,,
  31/05/1930,,,,,,,,,
  31/05/1930,,,,,,,,,
  31/05/1930,,,,,,,,,
  31/05/1930,,,,,,,,,
  31/05/1930,,,,,,,,,
  31/05/1930,,,,,,,,,
  31/05/1930,,,,,,,,,
  31/05/1930,,,,,,,,,
  31/05/1930,     58 41,    148 42,,,,,,,
  01/06/1930,,,,,,,,,
  01/06/1930,,,21.5,-145.8,hinchinbrook entrance alaska,                  cordova,hinchinbrook island alaska,60 22 55N,2017-12-26T01:46:00
  02/06/1930,,,,,,,,,
  02/06/1930,,,60.5,-145.8,           cordova alaska,                  cordova,,,
  03/06/1930,,,,,,,,,
  03/06/1930,   60 35 N,  146 30 W,60.5,-145.8,           cordova alaska,                  cordova,hinchinbrook island alaska,,
  04/06/1930,,,,,,,,,
  04/06/1930,,,60.1,-149.4,            seward alaska,                   seward,,,
  05/06/1930,,,,,,,,,
  05/06/1930,   59 27 N,  149 43 W,60.1,-149.4,            seward alaska,                   seward,,,
  06/06/1930,,,,,,,,,
  06/06/1930,   57 18 N,  155 16 W,,,,,,,
  07/06/1930,,,,,,,,,
  07/06/1930,   54 59 N,  160 34 W,,,,,,,
  08/06/1930,,,,,,,,,
  08/06/1930,   54 20 N,  158 30 W,,,                 unalaska,,,,
  09/06/1930,,,,,,,,,
  09/06/1930,,,,,                 unalaska,,,,
  10/06/1930,,,,,,,,,
  10/06/1930,,,53.9,-166.5,          unalaska alaska,             unalaska bay,,,
  11/06/1930,,,,,,,,,
  11/06/1930,,,53.9,-166.5,          unalaska alaska,               akutan bay,,,
  12/06/1930,,,,,,,,,
  12/06/1930,,,54.2,-165.7,akutan bay akutan is alaska,               akutan bay,,,
  13/06/1930,,,,,,,,,
  13/06/1930,,,53.9,-166.5,          unalaska alaska,             unalaska bay,,,
  14/06/1930,,,,,,,,,
  14/06/1930,,,53.9,-166.5,          unalaska alaska,             unalaska bay,,,
  15/06/1930,,,,,,,,,
  15/06/1930,,,53.9,-166.5,          unalaska alaska,             unalaska bay,,,
  16/06/1930,,,,,,,,,
  16/06/1930,,,53.9,-166.5,          unalaska alaska,             unalaska bay,,,
  17/06/1930,,,,,,,,,
  17/06/1930,,,53.9,-166.5,          unalaska alaska,             unalaska bay,,,
  18/06/1930,,,,,,,,,
  18/06/1930,   54 36 N,  165 20 W,53.9,-166.5,          unalaska alaska,             unalaska bay,,,
  19/06/1930,,,,,,,,,
  19/06/1930,   55 56 N,  162 05 W,,,,,,,
  20/06/1930,,,,,,,,,
  20/06/1930,,,,,,,,,
  20/06/1930,,,,,,,,,
  20/06/1930,   57 54 N,  159 43 W,,,,,,,
  21/06/1930,,,,,,,,,
  21/06/1930,,,,,,,,,
  21/06/1930,,,,,,,,,
  21/06/1930,   55 36 N,  164 49 W,,,,,,,
  22/06/1930,,,,,,,,,
  22/06/1930,,,53.9,-166.5,          unalaska alaska,             unalaska bay,,,
  23/06/1930,,,,,,,,,
  23/06/1930,,,53.9,-166.5,          unalaska alaska,             unalaska bay,,,
  24/06/1930,,,,,,,,,
  24/06/1930,,,53.9,-166.5,          unalaska alaska,             unalaska bay,,,
  25/06/1930,,,,,,,,,
  25/06/1930,,,53.9,-166.5,          unalaska alaska,             unalaska bay,,,
  26/06/1930,,,,,,,,,
  26/06/1930,,,53.9,-166.5,          unalaska alaska,             unalaska bay,,,
  27/06/1930,,,,,,,,,
  27/06/1930,   53 52 N,  167 37 W,53.9,-166.5,          unalaska alaska,             unalaska bay,,,
  28/06/1930,,,,,,,,,
  28/06/1930,   53 26 N,  168 29 W,,,         nikolskli alaska,,,,
  29/06/1930,,,,,,,,,
  29/06/1930,,,55,-166.3,        chernofski alaska,               chernofski,unalaska island,53 40 24N,2018-07-17T00:00:00
  30/06/1930,,,,,,,,,
  30/06/1930,,,,,,,,,
  30/06/1930,,,,,,,,,
  30/06/1930,,,,,,,,,
  30/06/1930,,,,,,,,,
  30/06/1930,,,,,,,,,
  30/06/1930,,,,,,,,,
  30/06/1930,,,,,,,,,
  30/06/1930,,,,,,,,,
  30/06/1930,,,,,,,,,
  30/06/1930,,,,,,,,,
  30/06/1930,,,,,,,,,
  30/06/1930,,,,,,,,,
  30/06/1930,,,,,,,,,
  30/06/1930,,,,,,,,,
  30/06/1930,,,,,,,,,
  30/06/1930,,,,,,,,,
  30/06/1930,,,,,,,,,
  30/06/1930,,,,,,,,,
  30/06/1930,,,,,,,,,
  30/06/1930,,,,,,,,,
  30/06/1930,,,,,,,,,
  30/06/1930,,,,,,,,,
  30/06/1930,,,,,,,,,
  30/06/1930,,,,,,,,,
  30/06/1930,,,,,,,,,
  30/06/1930,,,,,,,,,
  30/06/1930,,,53.4,-167.2,        chernofski alaska,               chernofski,,,
  01/07/1930,,,,,,,,,
  01/07/1930,,,53.9,-166.5,          unalaska alaska,             unalaska bay,,,
  02/07/1930,,,,,,,,,
  02/07/1930,   54 00 N,  166 10 W,53.9,-166.5,          unalaska alaska,             unalaska bay,,,
  03/07/1930,,,,,,,,,
  03/07/1930,   55 15 N,  160 13 W,,,,,,,
  04/07/1930,,,,,,,,,
  04/07/1930,   57 32 N,  154 49 W,,,,,,,
  05/07/1930,,,,,,,,,
  05/07/1930,   57 56 N,  148 13 W,,,,,,,
  06/07/1930,,,,,,,,,
  06/07/1930,   57 46 N,  140 42 W,,,,,,,
  07/07/1930,,,,,,,,,
  07/07/1930,,,-22.3,166.4,        lynn canal alaska,                    nunea,lynn canal,58 41 31N,2018-06-26T01:35:00
  08/07/1930,,,,,,,,,
  08/07/1930,,,-22.3,166.4,            juneau alaska,                    nunea,juneau alaska,,
  09/07/1930,,,,,,,,,
  09/07/1930,,,-22.3,166.4,            juneau alaska,                    nunea,juneau alaska,,
  10/07/1930,,,,,,,,,
  10/07/1930,,,-22.3,166.4,            juneau alaska,                    nunea,juneau alaska,,
  11/07/1930,,,,,,,,,
  11/07/1930,,,-22.3,166.4,            juneau alaska,                    nunea,juneau alaska,,
  12/07/1930,,,,,,,,,
  12/07/1930,,,-22.3,166.4,            juneau alaska,                    nunea,juneau alaska,,
  13/07/1930,,,,,,,,,
  13/07/1930,,,-22.3,166.4,            juneau alaska,                    nunea,juneau alaska,,
  14/07/1930,,,,,,,,,
  14/07/1930,,,-22.3,166.4,            juneau alaska,                    nunea,juneau alaska,,
  15/07/1930,,,,,,,,,
  15/07/1930,   55 13 N,  134 35 W,,,,,,,
  16/07/1930,,,,,,,,,
  16/07/1930,   51 54 N,  131 35 W,,,,,,,
  17/07/1930,,,,,,,,,
  17/07/1930,   49 12 N,  126 51 W,,,,,,,
  18/07/1930,,,,,,,,,
  18/07/1930,,,47.6,-122.3,in straits of juan de fuca,                      sur,strait of juan de fuca,48 12 00N,2017-12-05T01:23:00
  19/07/1930,,,,,,,,,
  19/07/1930,,,,,,,,,
  19/07/1930,,,,,,,,,
  19/07/1930,,,47.6,-122.3,       seattle washington,                  seattle,,,
  20/07/1930,,,,,,,,,
  20/07/1930,,,47.6,-122.3,       seattle washington,                  seattle,,,
  21/07/1930,,,,,,,,,
  21/07/1930,,,47.6,-122.3,       seattle washington,                  seattle,,,
  22/07/1930,,,,,,,,,
  22/07/1930,,,,,,,,,
  22/07/1930,,,,,,,,,
  22/07/1930,,,47.6,-122.3,       seattle washington,                  seattle,,,
  23/07/1930,,,,,,,,,
  23/07/1930,,,47.6,-122.3,       seattle washington,                  seattle,,,
  24/07/1930,,,,,,,,,
  24/07/1930,,,47.6,-122.3,       seattle washington,                  seattle,,,
  25/07/1930,,,,,,,,,
  25/07/1930,,,47.6,-122.3,       seattle washington,                   port t,seattle,47 36 35N,2018-08-21T01:22:00
  26/07/1930,,,,,,,,,
  26/07/1930,,,,,,,,,
  26/07/1930,,,,,,,,,
  26/07/1930,   46 44 N,  124 29 W,46.2,-123.8,           astoria oregon,                  astoria,,,
  27/07/1930,,,,,,,,,
  27/07/1930,   45 45 N,  124 15 W,46.2,-123.8,           astoria oregon,                  astoria,,,
  28/07/1930,,,,,,,,,
  28/07/1930,   42 41 N,  124 53 W,,,,,,,
  29/07/1930,,,,,,,,,
  29/07/1930,   38 20 N,  123 25 W,37.8,-122.3,              oakland cal,                  oakland,,,
  30/07/1930,,,,,,,,,
  30/07/1930,,,37.8,-122.3,       oakland california,                  oakland,,,
  31/07/1930,,,,,,,,,
  31/07/1930,,,,,,,,,
  31/07/1930,,,,,,,,,
  31/07/1930,,,,,,,,,
  31/07/1930,,,,,,,,,
  31/07/1930,,,,,,,,,
  31/07/1930,,,,,,,,,
  31/07/1930,,,,,,,,,
  31/07/1930,,,,,,,,,
  31/07/1930,,,,,,,,,
  31/07/1930,,,,,,,,,
  31/07/1930,,,37.8,-122.3,       oakland california,                  oakland,,,
  01/08/1930,,,,,,,,,
  01/08/1930,,,37.8,-122.3,       oakland california,                  oakland,,,
  02/08/1930,,,,,,,,,
  02/08/1930,,,37.8,-122.3,       oakland california,                  oakland,,,
  03/08/1930,,,,,,,,,
  03/08/1930,   37 18 N,  122 40 W,,,,,,,
  04/08/1930,,,,,,,,,
  04/08/1930,     34 12,    119 38,12.5,122.3,         san pedro harbor,            san pedro bay,san pedro bay california,33 44 00N,2017-07-25T01:18:00
  05/08/1930,,,,,,,,,
  05/08/1930,,,33.7,-118.3,     san pedro california,          san pedro calif,,,
  06/08/1930,,,,,,,,,
  06/08/1930,,,32.7,-117.2,     san diego california,            san diego usa,,,
  07/08/1930,,,,,,,,,
  07/08/1930,,,32.7,-117.2,      la playa california,                     bali,la playa san diego,32 42 44N,2018-05-01T01:17:00
  08/08/1930,,,,,,,,,
  08/08/1930,,,-8.7,115.2,      la playa california,                     bali,la playa san diego,,
  09/08/1930,,,,,,,,,
  09/08/1930,,,-8.7,115.2,      la playa california,                     bali,la playa san diego,,
  10/08/1930,,,,,,,,,
  10/08/1930,   32 05 N,  117 05 W,-8.7,115.2,      la playa california,                     bali,la playa san diego,,
  11/09/1930,,,,,,,,,
  11/09/1930,   29 30 N,  116 22 W,,,,,,,
  12/08/1930,,,,,,,,,
  12/08/1930,   26 13 N,  114 40 W,,,,,,,
  13/08/1930,,,,,,,,,
  13/08/1930,   23 36 N,  111 24 W,,,,,,,
  14/08/1930,,,,,,,,,
  14/08/1930,   21 07 N,  108 14 W,,,,,,,
  15/08/1930,,,,,,,,,
  15/08/1930,     18 36,    105 15,,,,,,,
  16/08/1930,,,,,,,,,
  16/08/1930,   16 55 N,  101 42 W,,,,,,,
  17/08/1930,,,,,,,,,
  17/08/1930,     15 26,     98 58,,,,,,,
  18/08/1930,,,,,,,,,
  18/08/1930,   13 47 N,   95 22 W,,,,,,,
  19/08/1930,,,,,,,,,
  19/08/1930,     11 53,     91 37,,,,,,,
  20/08/1930,,,,,,,,,
  20/08/1930,   10 16 N,   88 31 W,,,,,,,
  21/08/1930,,,,,,,,,
  21/08/1930,   08 23 N,   84 43 W,,,,,,,
  22/08/1930,,,,,,,,,
  22/08/1930,   06 43 N,   81 18 W,,,,,,,
  23/08/1930,,,,,,,,,
  23/08/1930,,,9,-79.5,                balboa cz,                   panama,balboa panama,8 57N,2018-02-27T00:00:00
  24/08/1930,,,,,,,,,
  24/08/1930,,,8.9,-79.6,                balboa cz,                   balboa,,,
  25/08/1930,,,,,,,,,
  25/08/1930,,,8.9,-79.6,                balboa cz,                   balboa,,,
  26/08/1930,,,,,,,,,
  26/08/1930,,,8.9,-79.6,                balboa cz,                   balboa,,,
  27/08/1930,,,,,,,,,
  27/08/1930,   09 49 N,   79 43 W,9.3,-79.6,                balboa cz,             panama canal,,,
  28/08/1930,,,,,,,,,
  28/08/1930,   11 53 N,   78 35 W,,,,,,,
  29/08/1930,,,,,,,,,
  29/08/1930,   15 07 N,   77 05 W,,,,,,,
  30/08/1930,,,,,,,,,
  30/08/1930,   18 30 N,   74 44 W,,,,,,,
  31/08/1930,,,,,,,,,
  31/08/1930,,,,,,,,,
  31/08/1930,,,,,,,,,
  31/08/1930,,,,,,,,,
  31/08/1930,,,,,,,,,
  31/08/1930,,,,,,,,,
  31/08/1930,,,,,,,,,
  31/08/1930,,,,,,,,,
  31/08/1930,,,,,,,,,
  31/08/1930,,,,,,,,,
  31/08/1930,,,,,,,,,
  31/08/1930,   22 35 N,   74 26 W,,,,,,,
  01/09/1930,,,,,,,,,
  01/09/1930,     26 54,     74 30,,,,,,,
  02/09/1930,,,,,,,,,
  02/09/1930,   30 53 N,   75 10 W,,,,,,,
  03/09/1930,,,,,,,,,
  03/09/1930,   35 06 N,   75 09 W,,,,,,,
  04/09/1930,,,,,,,,,
  04/09/1930,,,55,-1.5,        craighell channel,                      tic,curtis bay baltimore,39 13 35N,2017-10-24T00:00:00
  05/09/1930,,,,,,,,,
  05/09/1930,,,55,-1.5,      curtis bay maryland,                      tic,curtis bay baltimore,,
  06/09/1930,,,,,,,,,
  06/09/1930,,,55,-1.5,      curtis bay maryland,                      tic,curtis bay baltimore,,
  07/09/1930,,,,,,,,,
  07/09/1930,,,55,-1.5,      curtis bay maryland,                      tic,curtis bay baltimore,,
  08/09/1930,,,,,,,,,
  08/09/1930,,,55,-1.5,      curtis bay maryland,                      tic,curtis bay baltimore,,
  09/09/1930,,,,,,,,,
  09/09/1930,,,55,-1.5,      curtis bay maryland,                      tic,curtis bay baltimore,,
  10/09/1930,,,,,,,,,
  10/09/1930,,,55,-1.5,      curtis bay maryland,                      tic,curtis bay baltimore,,
  11/09/1930,,,,,,,,,
  11/09/1930,,,55,-1.5,      curtis bay maryland,                      tic,curtis bay baltimore,,
  12/09/1930,,,,,,,,,
  12/09/1930,,,55,-1.5,      curtis bay maryland,                      tic,curtis bay baltimore,,
  13/09/1930,,,,,,,,,
  13/09/1930,,,55,-1.5,      curtis bay maryland,                      tic,curtis bay baltimore,,
  14/09/1930,,,,,,,,,
  14/09/1930,,,55,-1.5,      curtis bay maryland,                      tic,curtis bay baltimore,,
  15/09/1930,,,,,,,,,
  15/09/1930,,,55,-1.5,      curtis bay maryland,                      tic,curtis bay baltimore,,
  16/09/1930,,,,,,,,,
  16/09/1930,,,55,-1.5,      curtis bay maryland,                      tic,curtis bay baltimore,,
  17/09/1930,,,,,,,,,
  17/09/1930,,,55,-1.5,      curtis bay maryland,                      tic,curtis bay baltimore,,
  18/09/1930,,,,,,,,,
  18/09/1930,,,55,-1.5,      curtis bay maryland,                      tic,curtis bay baltimore,,
  19/09/1930,,,,,,,,,
  19/09/1930,,,55,-1.5,      curtis bay maryland,                      tic,curtis bay baltimore,,
  20/09/1930,,,,,,,,,
  20/09/1930,,,55,-1.5,      curtis bay maryland,                      tic,curtis bay baltimore,,
  21/09/1930,,,,,,,,,
  21/09/1930,,,55,-1.5,      curtis bay maryland,                      tic,curtis bay baltimore,,
  22/09/1930,,,,,,,,,
  22/09/1930,,,55,-1.5,      curtis bay maryland,                      tic,curtis bay baltimore,,
  23/09/1930,,,,,,,,,
  23/09/1930,,,51.2,1.4,    arundel cove maryland,                     deal,arundel cove,39 11 57N,2018-07-24T00:00:00
  24/09/1930,,,,,,,,,
  24/09/1930,,,51.2,1.4,    arundel cove maryland,                     deal,arundel cove,,
  25/09/1930,,,,,,,,,
  25/09/1930,,,51.2,1.4,    arundel cove maryland,                     deal,arundel cove,,
  26/09/1930,,,,,,,,,
  26/09/1930,,,51.2,1.4,    arundel cove maryland,                     deal,arundel cove,,
  27/09/1930,,,,,,,,,
  27/09/1930,,,51.2,1.4,    arundel cove maryland,                     deal,arundel cove,,
  28/09/1930,,,,,,,,,
  28/09/1930,,,51.2,-1.5,      curtis bay maryland,                     deal,curtis bay baltimore,,
  29/09/1930,,,,,,,,,
  29/09/1930,,,51.2,1.4,    arundel cove maryland,                     deal,arundel cove,,
  30/09/1930,,,,,,,,,
  30/09/1930,,,,,,,,,
  30/09/1930,,,,,,,,,
  30/09/1930,,,,,,,,,
  30/09/1930,,,,,,,,,
  30/09/1930,,,,,,,,,
  30/09/1930,,,,,,,,,
  30/09/1930,,,,,,,,,
  30/09/1930,,,,,,,,,
  30/09/1930,,,,,,,,,
  30/09/1930,,,,,,,,,
  30/09/1930,,,51.2,1.4,    arundel cove maryland,                     deal,arundel cove,,
  01/10/1930,,,,,,,,,
  01/10/1930,,,51.2,1.4,    arundel cove maryland,                     deal,arundel cove,,
  02/10/1930,,,,,,,,,
  02/10/1930,,,51.2,1.4,    arundel cove maryland,                     deal,arundel cove,,
  03/10/1930,,,,,,,,,
  03/10/1930,,,51.2,1.4,    arundel cove maryland,                     deal,arundel cove,,
  04/10/1930,,,,,,,,,
  04/10/1930,,,51.2,1.4,    arundel cove maryland,                     deal,arundel cove,,
  05/10/1930,,,,,,,,,
  05/10/1930,,,51.2,1.4,    arundel cove maryland,                     deal,arundel cove,,
  05/10/1930,,,,,,,,,
  05/10/1930,,,51.2,1.4,    arundel cove maryland,                     deal,arundel cove,,
  07/10/1930,,,,,,,,,
  07/10/1930,,,51.2,1.4,    arundel cove maryland,                     deal,arundel cove,,
  08/10/1930,,,,,,,,,
  08/10/1930,,,51.2,1.4,    arundel cove maryland,                     deal,arundel cove,,
  09/10/1930,,,,,,,,,
  09/10/1930,,,51.2,1.4,    arundel cove maryland,                     deal,arundel cove,,
  10/10/1930,,,,,,,,,
  10/10/1930,,,51.2,1.4,    arundel cove maryland,                     deal,arundel cove,,
  11/10/1930,,,,,,,,,
  11/10/1930,,,51.2,1.4,    arundel cove maryland,                     deal,arundel cove,,
  12/10/1930,,,,,,,,,
  12/10/1930,,,51.2,1.4,    arundel cove maryland,                     deal,arundel cove,,
  13/10/1930,,,,,,,,,
  13/10/1930,,,51.2,1.4,    arundel cove maryland,                     deal,arundel cove,,
  14/10/1930,,,,,,,,,
  14/10/1930,,,51.2,1.4,    arundel cove maryland,                     deal,arundel cove,,
  15/10/1930,,,,,,,,,
  15/10/1930,,,51.2,1.4,    arundel cove maryland,                     deal,arundel cove,,
  16/10/1930,,,,,,,,,
  16/10/1930,,,51.2,1.4,    arundel cove maryland,                     deal,arundel cove,,
  17/10/1930,,,,,,,,,
  17/10/1930,,,51.2,1.4,    arundel cove maryland,                     deal,arundel cove,,
  18/10/1930,,,,,,,,,
  18/10/1930,,,51.2,1.4,    arundel cove maryland,                     deal,arundel cove,,
  19/10/1930,,,,,,,,,
  19/10/1930,,,51.2,1.4,    arundel cove maryland,                     deal,arundel cove,,
  20/10/1930,,,,,,,,,
  20/10/1930,,,51.2,1.4,    arundel cove maryland,                     deal,arundel cove,,
  21/10/1930,,,,,,,,,
  21/10/1930,,,51.2,1.4,    arundel cove maryland,                     deal,arundel cove,,
  22/10/1930,,,,,,,,,
  22/10/1930,,,51.2,1.4,    arundel cove maryland,                     deal,arundel cove,,
  23/10/1930,,,,,,,,,
  23/10/1930,,,51.2,1.4,    arundel cove maryland,                     deal,arundel cove,,
  24/10/1930,,,,,,,,,
  24/10/1930,,,51.2,1.4,    arundel cove maryland,                     deal,arundel cove,,
  25/10/1930,,,,,,,,,
  25/10/1930,,,51.2,1.4,    arundel cove maryland,                     deal,arundel cove,,
  26/10/1930,,,,,,,,,
  26/10/1930,,,51.2,1.4,    arundel cove maryland,                     deal,arundel cove,,
  27/10/1930,,,,,,,,,
  27/10/1930,,,51.2,1.4,    arundel cove maryland,                     deal,arundel cove,,
  28/10/1930,,,,,,,,,
  28/10/1930,,,51.2,1.4,    arundel cove maryland,                     deal,arundel cove,,
  29/10/1930,,,,,,,,,
  29/10/1930,,,51.2,1.4,    arundel cove maryland,                     deal,arundel cove,,
  30/10/1930,,,,,,,,,
  30/10/1930,,,51.2,1.4,    arundel cove maryland,                     deal,arundel cove,,
  31/10/1930,,,,,,,,,
  31/10/1930,,,,,,,,,
  31/10/1930,,,,,,,,,
  31/10/1930,,,,,,,,,
  31/10/1930,,,,,,,,,
  31/10/1930,,,,,,,,,
  31/10/1930,,,,,,,,,
  31/10/1930,,,,,,,,,
  31/10/1930,,,,,,,,,
  31/10/1930,,,,,,,,,
  31/10/1930,,,,,,,,,
  31/10/1930,,,51.2,1.4,    arundel cove maryland,                     deal,arundel cove,,
  01/11/1930,,,,,,,,,
  01/11/1930,,,51.2,1.4,    arundel cove maryland,                     deal,arundel cove,,
  02/11/1930,,,,,,,,,
  02/11/1930,,,51.2,1.4,    arundel cove maryland,                     deal,arundel cove,,
  03/11/1930,,,,,,,,,
  03/11/1930,,,51.2,1.4,    arundel cove maryland,                     deal,arundel cove,,
  04/11/1930,,,,,,,,,
  04/11/1930,,,51.2,1.4,    arundel cove maryland,                     deal,arundel cove,,
  05/11/1930,,,,,,,,,
  05/11/1930,,,39.3,-76.6,       baltimore maryland,            baltimore usa,,,
  06/11/1930,,,,,,,,,
  06/11/1930,,,39.3,-76.6,       baltimore maryland,            baltimore usa,,,
  07/11/1930,,,,,,,,,
  07/11/1930,,,39.3,-76.6,       baltimore maryland,            baltimore usa,,,
  08/11/1930,,,,,,,,,
  08/11/1930,,,39.3,-76.6,       baltimore maryland,            baltimore usa,,,
  09/11/1930,,,,,,,,,
  09/11/1930,,,39.3,-76.6,       baltimore maryland,            baltimore usa,,,
  10/11/1930,,,,,,,,,
  10/11/1930,,,51.2,1.4,    arundel cove maryland,                     deal,arundel cove,,
  11/11/1930,,,,,,,,,
  11/11/1930,,,51.2,1.4,    arundel cove maryland,                     deal,arundel cove,,
  12/11/1930,,,,,,,,,
  12/11/1930,,,51.2,1.4,    arundel cove maryland,                     deal,arundel cove,,
  13/11/1930,,,,,,,,,
  13/11/1930,,,51.2,1.4,    arundel cove maryland,                     deal,arundel cove,,
  14/11/1930,,,,,,,,,
  14/11/1930,,,51.2,1.4,    arundel cove maryland,                     deal,arundel cove,,
  15/11/1930,,,,,,,,,
  15/11/1930,,,51.2,1.4,    arundel cove maryland,                     deal,arundel cove,,
  16/11/1930,,,,,,,,,
  16/11/1930,,,51.2,1.4,    arundel cove maryland,                     deal,arundel cove,,
  17/11/1930,,,,,,,,,
  17/11/1930,,,51.2,1.4,    arundel cove maryland,                     deal,arundel cove,,
  18/11/1930,,,,,,,,,
  18/11/1930,,,51.2,1.4,    arundel cove maryland,                     deal,arundel cove,,
  19/11/1930,,,,,,,,,
  19/11/1930,,,51.2,1.4,    arundel cove maryland,                     deal,arundel cove,,
  20/11/1930,,,,,,,,,
  20/11/1930,,,51.2,1.4,    arundel cove maryland,                     deal,arundel cove,,
  21/11/1930,,,,,,,,,
  21/11/1930,,,51.2,1.4,    arundel cove maryland,                     deal,arundel cove,,
  22/11/1930,,,,,,,,,
  22/11/1930,,,51.2,1.4,    arundel cove maryland,                     deal,arundel cove,,
  23/11/1930,,,,,,,,,
  23/11/1930,,,51.2,1.4,    arundel cove maryland,                     deal,arundel cove,,
  24/11/1930,,,,,,,,,
  24/11/1930,,,51.2,1.4,    arundel cove maryland,                     deal,arundel cove,,
  25/11/1930,,,,,,,,,
  25/11/1930,,,51.2,1.4,    arundel cove maryland,                     deal,arundel cove,,
   26/11/193,,,,,,,,,
   26/11/193,,,51.2,1.4,    arundel cove maryland,                     deal,arundel cove,,
  27/11/1930,,,,,,,,,
  27/11/1930,,,51.2,1.4,    arundel cove maryland,                     deal,arundel cove,,
  28/11/1930,,,,,,,,,
  28/11/1930,,,51.2,1.4,    arundel cove maryland,                     deal,arundel cove,,
  29/11/1930,,,,,,,,,
  29/11/1930,,,51.2,1.4,    arundel cove maryland,                     deal,arundel cove,,
  30/11/1930,,,,,,,,,
  30/11/1930,,,,,,,,,
  30/11/1930,,,,,,,,,
  30/11/1930,,,,,,,,,
  30/11/1930,,,,,,,,,
  30/11/1930,,,,,,,,,
  30/11/1930,,,,,,,,,
  30/11/1930,,,,,,,,,
  30/11/1930,,,,,,,,,
  30/11/1930,,,,,,,,,
  30/11/1930,,,,,,,,,
  30/11/1930,,,51.2,1.4,    arundel cove maryland,                     deal,arundel cove,,
  01/12/1930,,,,,,,,,
  01/12/1930,,,51.2,1.4,    arundel cove maryland,                     deal,arundel cove,,
  02/12/1930,,,,,,,,,
  02/12/1930,,,51.2,1.4,    arundel cove maryland,                     deal,arundel cove,,
  03/12/1930,,,,,,,,,
  03/12/1930,,,51.2,1.4,    arundel cove maryland,                     deal,arundel cove,,
  04/12/1930,,,,,,,,,
  04/12/1930,,,51.2,1.4,    arundel cove maryland,                     deal,arundel cove,,
  05/12/1930,,,,,,,,,
  05/12/1930,,,51.2,1.4,    arundel cove maryland,                     deal,arundel cove,,
  06/12/1930,,,,,,,,,
  06/12/1930,,,51.2,1.4,    arundel cove maryland,                     deal,arundel cove,,
  07/12/1930,,,,,,,,,
  07/12/1930,,,51.2,1.4,    arundel cove maryland,                     deal,arundel cove,,
  08/12/1930,,,,,,,,,
  08/12/1930,,,51.2,1.4,    arundel cove maryland,                     deal,arundel cove,,
  09/12/1930,,,,,,,,,
  09/12/1930,,,51.2,1.4,    arundel cove maryland,                     deal,arundel cove,,
  10/12/1930,,,,,,,,,
  10/12/1930,,,51.2,1.4,    arundel cove maryland,                     deal,arundel cove,,
  11/12/1930,,,,,,,,,
  11/12/1930,,,51.2,1.4,    arundel cove maryland,                     deal,arundel cove,,
  12/11/1930,,,,,,,,,
  12/11/1930,,,51.2,1.4,    arundel cove maryland,                     deal,arundel cove,,
  13/12/1930,,,,,,,,,
  13/12/1930,,,51.2,1.4,    arundel cove maryland,                     deal,arundel cove,,
  14/12/1930,,,,,,,,,
  14/12/1930,,,51.2,1.4,    arundel cove maryland,                     deal,arundel cove,,
  15/12/1930,,,,,,,,,
  15/12/1930,,,51.2,1.4,    arundel cove maryland,                     deal,arundel cove,,
  16/12/1930,,,,,,,,,
  16/12/1930,,,51.2,1.4,    arundel cove maryland,                     deal,arundel cove,,
  17/12/1930,,,,,,,,,
  17/12/1930,,,51.2,1.4,    arundel cove maryland,                     deal,arundel cove,,
  18/12/1930,,,,,,,,,
  18/12/1930,,,51.2,1.4,    arundel cove maryland,                     deal,arundel cove,,
  19/12/1930,,,,,,,,,
  19/12/1930,,,51.2,1.4,    arundel cove maryland,                     deal,arundel cove,,
  20/12/1930,,,,,,,,,
  20/12/1930,,,51.2,1.4,    arundel cove maryland,                     deal,arundel cove,,
  21/12/1930,,,,,,,,,
  21/12/1930,,,51.2,1.4,    arundel cove maryland,                     deal,arundel cove,,
  22/12/1930,,,,,,,,,
  22/12/1930,,,51.2,1.4,    arundel cove maryland,                     deal,arundel cove,,
  23/12/1930,,,,,,,,,
  23/12/1930,,,51.2,1.4,    arundel cove maryland,                     deal,arundel cove,,
  24/12/1930,,,,,,,,,
  24/12/1930,,,51.2,1.4,    arundel cove maryland,                     deal,arundel cove,,
  25/12/1930,,,,,,,,,
  25/12/1930,,,51.2,1.4,    arundel cove maryland,                     deal,arundel cove,,
  26/12/1930,,,,,,,,,
  26/12/1930,,,51.2,1.4,    arundel cove maryland,                     deal,arundel cove,,
  27/12/1930,,,,,,,,,
  27/12/1930,,,51.2,1.4,    arundel cove maryland,                     deal,arundel cove,,
  28/12/1930,,,,,,,,,
  28/12/1930,,,51.2,1.4,    arundel cove maryland,                     deal,arundel cove,,
  29/12/1930,,,,,,,,,
  29/12/1930,,,51.2,1.4,    arundel cove maryland,                     deal,arundel cove,,
  30/12/1930,,,,,,,,,
  30/12/1930,,,51.2,1.4,    arundel cove maryland,                     deal,arundel cove,,
  31/12/1930,,,,,,,,,
  31/12/1930,,,,,,,,,
  31/12/1930,,,,,,,,,
  31/12/1930,,,,,,,,,
  31/12/1930,,,,,,,,,
  31/12/1930,,,,,,,,,
  31/12/1930,,,,,,,,,
  31/12/1930,,,,,,,,,
  31/12/1930,,,,,,,,,
  31/12/1930,,,,,,,,,
  31/12/1930,,,,,,,,,
  31/12/1930,,,,,,,,,
  31/12/1930,,,,,,,,,
  31/12/1930,,,51.2,1.4,    arundel cove maryland,                     deal,arundel cove,,
  01/01/1931,,,,,,,,,
  01/01/1931,,,51.2,1.4,    arundel cove maryland,                     deal,arundel cove,,
  02/01/1931,,,,,,,,,
  02/01/1931,,,51.2,1.4,    arundel cove maryland,                     deal,arundel cove,,
  03/01/1931,,,,,,,,,
  03/01/1931,,,51.2,1.4,    arundel cove maryland,                     deal,arundel cove,,
  04/01/1931,,,,,,,,,
  04/01/1931,,,51.2,1.4,    arundel cove maryland,                     deal,arundel cove,,
  05/01/1931,,,,,,,,,
  05/01/1931,,,51.2,1.4,    arundel cove maryland,                     deal,arundel cove,,
  06/01/1931,,,,,,,,,
  06/01/1931,,,51.2,1.4,    arundel cove maryland,                     deal,arundel cove,,
  07/01/1930,,,,,,,,,
  07/01/1930,,,51.2,1.4,    arundel cove maryland,                     deal,arundel cove,,
  08/01/1931,,,,,,,,,
  08/01/1931,,,51.2,1.4,    arundel cove maryland,                     deal,arundel cove,,
  09/01/1931,,,,,,,,,
  09/01/1931,,,51.2,1.4,    arundel cove maryland,                     deal,arundel cove,,
  10/01/1931,,,,,,,,,
  10/01/1931,,,51.2,1.4,    arundel cove maryland,                     deal,arundel cove,,
  11/01/1931,,,,,,,,,
  11/01/1931,,,51.2,1.4,    arundel cove maryland,                     deal,arundel cove,,
  12/01/1931,,,,,,,,,
  12/01/1931,,,51.2,1.4,    arundel cove maryland,                     deal,arundel cove,,
  13/01/1930,,,,,,,,,
  13/01/1930,,,51.2,1.4,    arundel cove maryland,                     deal,arundel cove,,
  14/01/1931,,,,,,,,,
  14/01/1931,,,51.2,1.4,    arundel cove maryland,                     deal,arundel cove,,
  15/01/1931,,,,,,,,,
  15/01/1931,,,51.2,1.4,    arundel cove maryland,                     deal,arundel cove,,
  16/01/1931,,,,,,,,,
  16/01/1931,,,51.2,1.4,    arundel cove maryland,                     deal,arundel cove,,
  17/01/1931,,,,,,,,,
  17/01/1931,,,51.2,1.4,    arundel cove maryland,                     deal,arundel cove,,
  18/01/1931,,,,,,,,,
  18/01/1931,,,51.2,1.4,    arundel cove maryland,                     deal,arundel cove,,
  19/01/1930,,,,,,,,,
  19/01/1930,,,51.2,1.4,    arundel cove maryland,                     deal,arundel cove,,
  20/01/1931,,,,,,,,,
  20/01/1931,,,51.2,1.4,    arundel cove maryland,                     deal,arundel cove,,
  21/01/1931,,,,,,,,,
  21/01/1931,,,51.2,1.4,    arundel cove maryland,                     deal,arundel cove,,
  22/01/1931,,,,,,,,,
  22/01/1931,,,51.2,1.4,    arundel cove maryland,                     deal,arundel cove,,
  23/01/1931,,,,,,,,,
  23/01/1931,,,51.2,1.4,    arundel cove maryland,                     deal,arundel cove,,
  24/01/1931,,,,,,,,,
  24/01/1931,,,51.2,1.4,    arundel cove maryland,                     deal,arundel cove,,
  25/01/1931,,,,,,,,,
  25/01/1931,,,51.2,1.4,    arundel cove maryland,                     deal,arundel cove,,
  26/01/1931,,,,,,,,,
  26/01/1931,,,51.2,1.4,    arundel cove maryland,                     deal,arundel cove,,
  27/01/1931,,,,,,,,,
  27/01/1931,,,51.2,1.4,    arundel cove maryland,                     deal,arundel cove,,
  28/01/1931,,,,,,,,,
  28/01/1931,,,51.2,1.4,    arundel cove maryland,                     deal,arundel cove,,
  29/01/1931,,,,,,,,,
  29/01/1931,,,51.2,1.4,    arundel cove maryland,                     deal,arundel cove,,
  30/01/1931,,,,,,,,,
  30/01/1931,,,51.2,1.4,    arundel cove maryland,                     deal,arundel cove,,
  31/01/1931,,,,,,,,,
  31/01/1931,,,,,,,,,
  31/01/1931,,,,,,,,,
  31/01/1931,,,,,,,,,
  31/01/1931,,,,,,,,,
  31/01/1931,,,,,,,,,
  31/01/1931,,,,,,,,,
  31/01/1931,,,,,,,,,
  31/01/1931,,,,,,,,,
  31/01/1931,,,51.2,1.4,    arundel cove maryland,                     deal,arundel cove,,
  01/02/1931,,,,,,,,,
  01/02/1931,,,51.2,1.4,    arundel cove maryland,                     deal,arundel cove,,
  02/02/1931,,,,,,,,,
  02/02/1931,,,51.2,1.4,    arundel cove maryland,                     deal,arundel cove,,
  03/02/1931,,,,,,,,,
  03/02/1931,,,51.2,1.4,    arundel cove maryland,                     deal,arundel cove,,
  04/02/1931,,,,,,,,,
  04/02/1931,,,51.2,1.4,    arundel cove maryland,                     deal,arundel cove,,
  05/02/1931,,,,,,,,,
  05/02/1931,,,51.2,1.4,    arundel cove maryland,                     deal,arundel cove,,
  06/02/1931,,,,,,,,,
  06/02/1931,,,51.2,1.4,    arundel cove maryland,                     deal,arundel cove,,
  07/02/1931,,,,,,,,,
  07/02/1931,,,51.2,1.4,    arundel cove maryland,                     deal,arundel cove,,
  08/02/1931,,,,,,,,,
  08/02/1931,,,51.2,1.4,    arundel cove maryland,                     deal,arundel cove,,
  09/02/1931,,,,,,,,,
  09/02/1931,,,51.2,1.4,    arundel cove maryland,                     deal,arundel cove,,
  10/02/1931,,,,,,,,,
  10/02/1931,,,51.2,1.4,    arundel cove maryland,                     deal,arundel cove,,
  11/02/1931,,,,,,,,,
  11/02/1931,,,51.2,1.4,    arundel cove maryland,                     deal,arundel cove,,
  12/02/1931,,,,,,,,,
  12/02/1931,,,51.2,1.4,    arundel cove maryland,                     deal,arundel cove,,
  13/02/1931,,,,,,,,,
  13/02/1931,,,51.2,1.4,    arundel cove maryland,                     deal,arundel cove,,
  14/01/1931,,,,,,,,,
  14/01/1931,,,51.2,1.4,    arundel cove maryland,                     deal,arundel cove,,
  15/02/1931,,,,,,,,,
  15/02/1931,,,51.2,1.4,    arundel cove maryland,                     deal,arundel cove,,
  16/02/1931,,,,,,,,,
  16/02/1931,,,,,,,,,
  16/02/1931,,,,,,,,,
  16/02/1931,,,,,,,,,
  16/02/1931,,,,,,,,,
  16/02/1931,,,,,,,,,
  16/02/1931,,,,,,,,,
  16/02/1931,,,,,,,,,
  16/02/1931,,,,,,,,,
  16/02/1931,,,,,,,,,
  16/02/1931,,,,,,,,,
  16/02/1931,,,,,,,,,
  16/02/1931,,,,,,,,,
  16/02/1931,,,,,,,,,
  16/02/1931,,,,,,,,,
  16/02/1931,,,55,-1.5,      curtis bay maryland,                      tic,curtis bay baltimore,,
  23/04/1932,,,,,,,,,
  23/04/1932,,,,,,,,,
  23/04/1932,,,,,,,,,
  23/04/1932,,,,,,,,,
  23/04/1932,,,,,,,,,
  23/04/1932,,,,,,,,,
  23/04/1932,,,,,,,,,
  23/04/1932,,,55,-1.5,      curtis bay maryland,                      tic,curtis bay baltimore,,
  24/04/1932,,,,,,,,,
  24/04/1932,,,55,-1.5,      curtis bay maryland,                      tic,curtis bay baltimore,,
  25/04/1932,,,,,,,,,
  25/04/1932,,,55,-1.5,      curtis bay maryland,                      tic,curtis bay baltimore,,
  26/04/1932,,,,,,,,,
  26/04/1932,,,55,-1.5,      curtis bay maryland,                      tic,curtis bay baltimore,,
  27/04/1932,,,,,,,,,
  27/04/1932,,,55,-1.5,      curtis bay maryland,                      tic,curtis bay baltimore,,
  28/04/1932,,,,,,,,,
  28/04/1932,,,55,-1.5,      curtis bay maryland,                      tic,curtis bay baltimore,,
  29/04/1932,,,,,,,,,
  29/04/1932,,,55,-1.5,      curtis bay maryland,                      tic,curtis bay baltimore,,
  30/04/1932,,,,,,,,,
  30/04/1932,,,,,,,,,
  30/04/1932,,,,,,,,,
  30/04/1932,,,,,,,,,
  30/04/1932,,,,,,,,,
  30/04/1932,,,,,,,,,
  30/04/1932,,,,,,,,,
  30/04/1932,,,,,,,,,
  30/04/1932,,,,,,,,,
  30/04/1932,,,55,-1.5,      curtis bay maryland,                      tic,curtis bay baltimore,,
  01/05/1932,,,,,,,,,
  01/05/1932,,,55,-1.5,      curtis bay maryland,                      tic,curtis bay baltimore,,
  02/05/1932,,,,,,,,,
  02/05/1932,,,55,-1.5,      curtis bay maryland,                      tic,curtis bay baltimore,,
  03/05/1932,,,,,,,,,
  03/05/1932,,,55,-1.5,      curtis bay maryland,                      tic,curtis bay baltimore,,
  04/05/1930,,,,,,,,,
  04/05/1930,,,55,-1.5,      curtis bay maryland,                      tic,curtis bay baltimore,,
