  01/01/1911,        NA,        NA_2,        NA_3,        NA_4,                       NA,                       NA_2,h,i,j
  01/01/1911,,,37.8,-122.4,at anchor in the harbor of san francisco california,        san francisco bay,,,
  02/01/1911,,,,,,,,,
  02/01/1911,,,37.8,-122.4,at anchor in the harbor of san francisco california,        san francisco bay,,,
  03/01/1911,,,,,,,,,
  03/01/1911,   36 56 N,  122 25 W,37.8,-122.4,at anchor in the harbor of san francisco california,        san francisco bay,,,
  04/01/1911,,,,,,,,,
  04/01/1911,   35 18 N,  121 34 W,,,,,,,
  05/01/1911,,,,,,,,,
  05/01/1911,   35 06 N,  121 25 W,,,,,,,
  05/01/1911,,,,,,,,,
  05/01/1911,   32 10 N,  119 19 W,,,,,,,
  06/01/1911,,,,,,,,,
  06/01/1911,   29 25 N,  116 48 W,,,,,,,
  07/01/1911,,,,,,,,,
  07/01/1911,   26 35 N,  114 14 W,,,,,,,
  08/01/1911,,,,,,,,,
  08/01/1911,   24 02 N,  111 47 W,,,,,,,
  09/01/1911,,,,,,,,,
  09/01/1911,   21 51 N,  108 53 W,,,,,,,
  10/01/1911,,,,,,,,,
  10/01/1911,   19 42 N,  105 41 W,,,,,,,
  11/01/1911,,,,,,,,,
  11/01/1911,   17 48 N,  102 41 W,,,,,,,
  12/01/1911,,,,,,,,,
  12/01/1911,,,37.8,16.7,80am entering acapulco harbor,        san francisco bay,acapulco,16 51 49N,99 52 57W
  13/01/1911,,,,,,,,,
  13/01/1911,,,55,-1.5,in the harbor of acapulco mexico,                      tic,acapulco,,
  14/01/1911,,,,,,,,,
  14/01/1911,,,55,-1.5,          acapulco mexico,                      tic,acapulco,,
  15/01/1911,,,,,,,,,
  15/01/1911,,,43.1,16.7,in the harbor of acapulco mexico,                      tic,acapulco,,
  16/01/1911,,,,,,,,,
  16/01/1911,,,55,-1.5,          acapulco mexico,                      tic,acapulco,,
  17/01/1911,,,,,,,,,
  17/01/1911,,,55,-1.5,at anchor off acapulco mexico,                      tic,acapulco,,
  18/01/1911,,,,,,,,,
  18/01/1911,,,55,-1.5,          acapulco mexico,                      tic,acapulco,,
  19/01/1911,,,,,,,,,
  19/01/1911,,,55,-1.5,          acapulco mexico,                      tic,acapulco,,
  19/01/1911,,,,,,,,,
  19/01/1911,   16 26 N,   99 19 W,55,-1.5,          acapulco mexico,                      tic,acapulco,,
  21/01/1911,,,,,,,,,
  21/01/1911,   15 46 N,   96 02 W,,,,,,,
  22/01/1911,,,,,,,,,
  22/01/1911,   14 31 N,   92 11 W,,,,,,,
  23/01/1911,,,,,,,,,
  23/01/1911,   13 10 N,   88 53 W,,,,,,,
  24/01/1911,,,,,,,,,
  24/01/1911,,,39.6,2.6,         amapala honduras,                    palma,amapala,13 17 32N,87 39 14W
  25/01/1911,,,,,,,,,
  25/01/1911,,,39.6,2.6,         amapala honduras,                    palma,amapala,,
  26/01/1911,,,,,,,,,
  26/01/1911,,,39.6,2.6,         amapala honduras,                    palma,amapala,,
   27/1/1911,,,,,,,,,
   27/1/1911,,,39.6,2.6,         amapala honduras,                    palma,amapala,,
  28/01/1911,,,,,,,,,
  28/01/1911,,,39.6,2.6,         amapala honduras,                    palma,amapala,,
  29/01/1911,,,,,,,,,
  29/01/1911,,,39.6,2.6,         amapala honduras,                    palma,amapala,,
  30/01/1911,,,,,,,,,
  30/01/1911,,,39.6,2.6,         amapala honduras,                    palma,amapala,,
  31/01/1911,,,,,,,,,
  31/01/1911,,,39.6,2.6,         amapala honduras,                    palma,amapala,,
  01/02/1911,,,,,,,,,
  01/02/1911,,,39.6,2.6,         amapala honduras,                    palma,amapala,,
  02/02/1911,,,,,,,,,
  02/02/1911,,,39.6,2.6,         amapala honduras,                    palma,amapala,,
  03/02/1911,,,,,,,,,
  03/02/1911,,,39.6,2.6,         amapala honduras,                    palma,amapala,,
  04/02/1911,,,,,,,,,
  04/02/1911,,,39.6,2.6,         amapala honduras,                    palma,amapala,,
  05/02/1911,,,,,,,,,
  05/02/1911,,,39.6,2.6,         amapala honduras,                    palma,amapala,,
  06/02/1911,,,,,,,,,
  06/02/1911,,,39.6,2.6,         amapala honduras,                    palma,amapala,,
  07/02/1911,,,,,,,,,
  07/02/1911,,,39.6,2.6,         amapala honduras,                    palma,amapala,,
  08/02/1911,,,,,,,,,
  08/02/1911,,,39.6,2.6,         amapala honduras,                    palma,amapala,,
  09/02/1911,,,,,,,,,
  09/02/1911,,,39.6,2.6,         amapala honduras,                    palma,amapala,,
  10/02/1911,,,,,,,,,
  10/02/1911,,,39.6,2.6,         amapala honduras,                    palma,amapala,,
  11/02/1911,,,,,,,,,
  11/02/1911,,,39.6,2.6,         amapala honduras,                    palma,amapala,,
  12/02/1911,,,,,,,,,
  12/02/1911,,,39.6,2.6,         amapala honduras,                    palma,amapala,,
  13/02/1911,,,,,,,,,
  13/02/1911,,,39.6,2.6,         amapala honduras,                    palma,amapala,,
  14/02/1911,,,,,,,,,
  14/02/1911,,,39.6,2.6,         amapala honduras,                    palma,amapala,,
  15/02/1911,,,,,,,,,
  15/02/1911,,,39.6,2.6,         amapala honduras,                    palma,amapala,,
  16/02/1911,,,,,,,,,
  16/02/1911,,,39.6,2.6,at anchor in the harbor of amapala honduras,                    palma,amapala,,
  16/02/1911,,,,,,,,,
  16/02/1911,   10 52 N,   86 09 W,,,,,,,
  17/02/1911,,,,,,,,,
  17/02/1911,   08 28 N,   83 47 W,,,,,,,
  18/02/1911,,,,,,,,,
  18/02/1911,   07 19 N,   80 49 W,,,,,,,
  19/02/1911,,,,,,,,,
  19/02/1911,,,9,-79.5,at anchor in the harbor of panama,                   panama,panama city,8 59N,79 31W
  20/02/1911,,,,,,,,,
  20/02/1911,,,9,-79.5,at anchor in the harbor of panama r p,                   panama,panama city,,
  21/02/1911,,,,,,,,,
  21/02/1911,,,9,-79.5,at anchor in the harbor of panama r p,                   panama,panama city,,
  22/02/1911,,,,,,,,,
  22/02/1911,,,9,-79.5,at anchor in the harbor of panama r p,                   panama,panama city,,
  23/02/1911,,,,,,,,,
  23/02/1911,,,9,-79.5,at anchor in the harbor of panama r p,                   panama,panama city,,
  24/02/1911,,,,,,,,,
  24/02/1911,   08 22 N,   79 36 W,9,-79.5,at anchor in the harbor of panama r p,                   panama,panama city,,
  25/02/1911,,,,,,,,,
  25/02/1911,,,9,-79.5,at anchor in the harbor of panama r p,                   panama,panama city,,
  25/02/1911,,,,,,,,,
  25/02/1911,   07 21 N,   81 09 W,,,,,,,
  26/02/1911,,,,,,,,,
  26/02/1911,   08 45 N,   84 14 W,,,,,,,
  27/02/1911,,,,,,,,,
  27/02/1911,   10 27 N,   86 01 W,,,,,,,
  28/02/1911,,,,,,,,,
  28/02/1911,,,,,at sea making passage from panama to corinto nicaragua,,,,
  01/03/1911,,,,,,,,,
  01/03/1911,,,-1.8,-44.8,        corinto nicaragua,                    ceara,corinto nicaragua,12 29N,87 11W
  02/03/1911,,,,,,,,,
  02/03/1911,,,-1.8,-44.8,        corinto nicaragua,                    ceara,corinto nicaragua,,
  03/03/1911,,,,,,,,,
  03/03/1911,,,-1.8,-44.8,        corinto nicaragua,                    ceara,corinto nicaragua,,
  04/03/1911,,,,,,,,,
  04/03/1911,,,-1.8,-44.8,        corinto nicaragua,                    ceara,corinto nicaragua,,
  05/03/1911,,,,,,,,,
  05/03/1911,,,-1.8,-44.8,        corinto nicaragua,                    ceara,corinto nicaragua,,
  06/03/1911,,,,,,,,,
  06/03/1911,,,-1.8,-44.8,        corinto nicaragua,                    ceara,corinto nicaragua,,
  07/03/1911,,,,,,,,,
  07/03/1911,,,-1.8,-44.8,        corinto nicaragua,                    ceara,corinto nicaragua,,
  08/03/1911,,,,,,,,,
  08/03/1911,   11 01 N,     85 55,,,at sea making passage from corinto nicaragua to panama,,north pacific,,
  09/03/1911,,,,,,,,,
  09/03/1911,   08 41 N,   84 00 W,,,,,,,
  10/03/1911,,,,,,,,,
  10/03/1911,   07 23 N,   81 17 W,,,,,,,
  11/03/1911,,,,,,,,,
  11/03/1911,,,,,at sea making passage from corinto nicaragua to panama pi,,,,
  12/03/1911,,,,,,,,,
  12/03/1911,,,9,-79.5,at anchor in the harbor of panama r p,                   panama,panama city,,
  13/03/1911,,,,,,,,,
  13/03/1911,,,9,-79.5,at anchor in the harbor of panama r p,                   panama,panama city,,
  14/03/1911,,,,,,,,,
  14/03/1911,,,9,-79.5,at anchor in the harbor of panama r p,                   panama,panama city,,
  15/03/1911,,,,,,,,,
  15/03/1911,,,9,-79.5,at anchor in the harbor of panama r p,                   panama,panama city,,
  16/03/1911,,,,,,,,,
  16/03/1911,,,9,-79.5,at anchor in the harbor of panama r p,                   panama,panama city,,
  17/03/1911,,,,,,,,,
  17/03/1911,,,9,-79.5,at anchor in the harbor of panama r p,                   panama,panama city,,
  18/03/1911,,,,,,,,,
  18/03/1911,,,9,-79.5,at anchor in the harbor of panama r p,                   panama,panama city,,
  19/03/1911,,,,,,,,,
  19/03/1911,,,9,-79.5,at anchor in the harbor of panama r p,                   panama,panama city,,
  20/03/1911,,,,,,,,,
  20/03/1911,,,9,-79.5,at anchor in the harbor of panama r p,                   panama,panama city,,
  21/03/1911,,,,,,,,,
  21/03/1911,,,9,-79.5,at anchor in the harbor of panama r p,                   panama,panama city,,
  22/03/1911,,,,,,,,,
  22/03/1911,,,9,-79.5,at anchor in the harbor of panama r p,                   panama,panama city,,
  23/03/1911,,,,,,,,,
  23/03/1911,,,9,-79.5,at anchor in the harbor of panama r p,                   panama,panama city,,
  24/03/1911,,,,,,,,,
  24/03/1911,,,9,-79.5,at anchor in the harbor of panama r p,                   panama,panama city,,
  25/03/1911,,,,,,,,,
  25/03/1911,   07 35 N,   79 54 W,,,,,,,
  26/03/1911,,,,,,,,,
  26/03/1911,   08 00 N,   82 59 W,,,,,,,
  27/03/1911,,,,,,,,,
  27/03/1911,   10 02 N,   85 46 W,,,,,,,
  28/03/1911,,,,,,,,,
  28/03/1911,   12 47 N,   88 08 W,-1.8,-44.8,at anchor in the harbor of corinto nicaragua,                    ceara,corinto nicaragua,,
  29/03/1911,,,,,,,,,
  29/03/1911,   13 30 N,   90 14 W,,,,,,,
  30/03/1911,,,,,,,,,
  30/03/1911,   15 13 N,   92 56 W,,,,,,,
  31/03/1911,,,,,,,,,
  31/03/1911,   15 30 N,   95 35 W,,,,,,,
  01/04/1911,,,,,,,,,
  01/04/1911,   16 13 N,   98 33 W,,,,,,,
  02/04/1911,,,,,,,,,
  02/04/1911,   16 13 N,   98 33 W,,,,,,,
  02/04/1911,,,,,,,,,
  02/04/1911,   17 06 N,  100 53 W,,,,,,,
  03/04/1911,,,,,,,,,
  03/04/1911,   18 29 N,  103 53 W,,,,,,,
  04/04/1911,,,,,,,,,
  04/04/1911,   20 09 N,  106 18 W,,,,,,,
  05/04/1911,,,,,,,,,
  05/04/1911,   21 01 N,  108 55 W,,,,,,,
  06/04/1911,,,,,,,,,
  06/04/1911,   24 01 N,  111 32 W,,,,,,,
  07/04/1911,,,,,,,,,
  07/04/1911,   25 55 N,  113 08 W,,,,,,,
  08/04/1911,,,,,,,,,
  08/04/1911,   28 05 N,  115 07 W,,,,,,,
  09/04/1911,,,,,,,,,
  09/04/1911,   29 36 N,  115 46 W,,,,,,,
  10/04/1911,,,,,,,,,
  10/04/1911,   31 10 N,  116 32 W,,,,,,,
  11/04/1911,,,,,,,,,
  11/04/1911,   33 10 N,  117 58 W,32.7,1.4,   dead reckoning at noon,                     taio,north pacific,,
   12/4/1911,,,,,,,,,
   12/4/1911,   23 33 N,  118 06 W,,,,,,,
  13/04/1911,,,,,,,,,
  13/04/1911,,,32.7,-117.2,     san diego california,            san diego usa,,,
  14/04/1911,,,,,,,,,
  14/04/1911,,,32.7,-117.2,     san diego california,            san diego usa,,,
  15/04/1911,,,,,,,,,
  15/04/1911,,,32.7,-117.2,     san diego california,            san diego usa,,,
  16/04/1911,,,,,,,,,
  16/04/1911,,,32.7,-117.2,     san diego california,            san diego usa,,,
  17/04/1911,,,,,,,,,
  17/04/1911,,,32.7,-117.2,     san diego california,            san diego usa,,,
   18/4/1911,,,,,,,,,
   18/4/1911,,,32.7,-117.2,     san diego california,            san diego usa,,,
  19/04/1911,,,,,,,,,
  19/04/1911,,,32.7,-117.2,     san diego california,            san diego usa,,,
  20/04/1911,,,,,,,,,
  20/04/1911,,,32.7,-117.2,     san diego california,            san diego usa,,,
  21/04/1911,,,,,,,,,
  21/04/1911,,,32.7,-117.2,     san diego california,            san diego usa,,,
  22/04/1911,,,,,,,,,
  22/04/1911,,,32.7,-117.2,     san diego california,            san diego usa,,,
  23/04/1911,,,,,,,,,
  23/04/1911,,,32.7,-117.2,     san diego california,            san diego usa,,,
  24/04/1911,,,,,,,,,
  24/04/1911,,,32.7,-117.2,     san diego california,            san diego usa,,,
  25/04/1911,,,,,,,,,
  25/04/1911,,,32.7,-117.2,     san diego california,            san diego usa,,,
  26/04/1911,,,,,,,,,
  26/04/1911,,,32.7,-117.2,     san diego california,            san diego usa,,,
  26/04/1911,,,,,,,,,
  26/04/1911,,,32.7,-117.2,     san diego california,            san diego usa,,,
  28/04/1911,,,,,,,,,
  28/04/1911,,,32.7,-117.2,     san diego california,            san diego usa,,,
  29/04/1911,,,,,,,,,
  29/04/1911,,,32.7,-117.2,     san diego california,            san diego usa,,,
  30/04/1911,,,,,,,,,
  30/04/1911,,,32.7,-117.2,     san diego california,            san diego usa,,,
  01/05/1911,,,,,,,,,
  01/05/1911,,,32.7,-117.2,     san diego california,            san diego usa,,,
  02/05/1911,,,,,,,,,
  02/05/1911,,,32.7,-117.2,     san diego california,            san diego usa,,,
  03/05/1911,,,,,,,,,
  03/05/1911,,,31.5,118.3,at anchor off of coronado island california,              wade island,coronado california,32 40 41N,117 10 21W
  04/05/1911,,,,,,,,,
  04/05/1911,,,31.5,118.3,at anchor off of coronado island california,              wade island,coronado california,,
  05/05/1911,,,,,,,,,
  05/05/1911,,,31.5,118.3,off of coronado island california,              wade island,coronado california,,
  06/05/1911,,,,,,,,,
  06/05/1911,,,32.7,-117.2,     san diego california,            san diego usa,,,
  07/05/1911,,,,,,,,,
  07/05/1911,,,32.7,-117.2,     san diego california,            san diego usa,,,
  08/05/1911,,,,,,,,,
  08/05/1911,,,,,,,,,
  08/05/1911,,,,,,,,,
  08/05/1911,,,,,,,,,
  08/05/1911,,,,,,,,,
  08/05/1911,,,,,,,,,
  08/05/1911,,,,,,,,,
  08/05/1911,,,,,,,,,
  08/05/1911,,,,,,,,,
  08/05/1911,,,,,,,,,
  08/05/1911,,,,,,,,,
  08/05/1911,,,,,,,,,
  08/05/1911,,,,,,,,,
  08/05/1911,,,32.7,-117.2,at anchor in the harbor of san diego california,            san diego usa,,,
  08/05/1911,,,,,,,,,
  08/05/1911,,,32.7,-117.2,at anchor in the harbor of san diego california,            san diego usa,,,
  09/05/1911,,,,,,,,,
  09/05/1911,,,32.7,-117.2,at anchor in the harbor of san diego california,            san diego usa,,,
  10/05/1911,,,,,,,,,
  10/05/1911,,,32.7,-117.2,at anchor in the harbor of san diego california,            san diego usa,,,
  11/05/1911,,,,,,,,,
  11/05/1911,,,32.7,-117.2,at anchor in the harbor of san diego california,            san diego usa,,,
  12/05/1911,,,,,,,,,
  12/05/1911,,,32.7,-117.2,at anchor in the harbor of san diego california,            san diego usa,,,
  13/05/1911,,,,,,,,,
  13/05/1911,,,32.7,-117.2,at anchor in the harbor of san diego california,            san diego usa,,,
  14/05/1911,,,,,,,,,
  14/05/1911,,,32.7,-117.2,at anchor in the harbor of san diego california,            san diego usa,,,
  15/05/1911,,,,,,,,,
  15/05/1911,,,32.7,-117.2,at anchor in the harbor of san diego california,            san diego usa,,,
  16/05/1911,,,,,,,,,
  16/05/1911,,,32.7,-117.2,at anchor in the harbor of san diego california,            san diego usa,,,
  17/05/1911,,,,,,,,,
  17/05/1911,,,32.7,-117.2,at anchor in the harbor of san diego california,            san diego usa,,,
  18/05/1911,,,,,,,,,
  18/05/1911,,,32.7,-117.2,at anchor in the harbor of san diego california,            san diego usa,,,
  19/05/1911,,,,,,,,,
  19/05/1911,,,32.7,-117.2,at anchor in the harbor of san diego california,            san diego usa,,,
  20/05/1911,,,,,,,,,
  20/05/1911,,,32.7,-117.2,at anchor in the harbor of san diego california,            san diego usa,,,
  21/05/1911,,,,,,,,,
  21/05/1911,,,32.7,-117.2,at anchor in the harbor of san diego california,            san diego usa,,,
  22/05/1911,,,,,,,,,
  22/05/1911,,,32.7,-117.2,at anchor in the harbor of san diego california,            san diego usa,,,
  23/05/1911,,,,,,,,,
  23/05/1911,,,32.7,-117.2,     san diego california,            san diego usa,,,
  24/05/1911,,,,,,,,,
  24/05/1911,,,32.7,-117.2,     san diego california,            san diego usa,,,
  25/05/1911,,,,,,,,,
  25/05/1911,,,32.7,-117.2,     san diego california,            san diego usa,,,
  26/05/1911,,,,,,,,,
  26/05/1911,,,32.7,-117.2,at anchor in the harbor of san diego california,            san diego usa,,,
  27/05/1911,,,,,,,,,
  27/05/1911,,,32.7,-117.2,     san diego california,            san diego usa,,,
  28/05/1911,,,,,,,,,
  28/05/1911,,,32.7,-117.2,     san diego california,            san diego usa,,,
  29/05/1911,,,,,,,,,
  29/05/1911,,,32.7,-117.2,     san diego california,            san diego usa,,,
  30/05/1911,,,,,,,,,
  30/05/1911,,,32.7,-117.2,     san diego california,            san diego usa,,,
  31/05/1911,,,,,,,,,
  31/05/1911,,,32.7,-117.2,     san diego california,            san diego usa,,,
  01/06/1911,,,,,,,,,
  01/06/1911,,,32.7,-117.2,     san diego california,            san diego usa,,,
  02/06/1911,,,,,,,,,
  02/06/1911,,,32.7,-117.2,     san diego california,            san diego usa,,,
  03/06/1911,,,,,,,,,
  03/06/1911,,,32.7,-117.2,     san diego california,            san diego usa,,,
  04/06/1911,,,,,,,,,
  04/06/1911,,,32.7,-117.2,     san diego california,            san diego usa,,,
  05/06/1911,,,,,,,,,
  05/06/1911,,,32.7,-117.2,     san diego california,            san diego usa,,,
  06/06/1911,,,,,,,,,
  06/06/1911,,,32.7,-117.2,     san diego california,            san diego usa,,,
  07/06/1911,,,,,,,,,
  07/06/1911,,,32.7,-117.2,     san diego california,            san diego usa,,,
  08/06/1911,,,,,,,,,
  08/06/1911,,,32.7,-117.2,     san diego california,            san diego usa,,,
  09/06/1911,,,,,,,,,
  09/06/1911,,,32.7,-117.2,     san diego california,            san diego usa,,,
  10/06/1911,,,,,,,,,
  10/06/1911,,,32.7,-117.2,     san diego california,            san diego usa,,,
  11/06/1911,,,,,,,,,
  11/06/1911,,,32.7,-117.2,     san diego california,            san diego usa,,,
  12/06/1911,,,,,,,,,
  12/06/1911,,,32.7,-117.2,     san diego california,            san diego usa,,,
  13/06/1911,,,,,,,,,
  13/06/1911,,,32.7,-117.2,     san diego california,            san diego usa,,,
  14/06/1911,,,,,,,,,
  14/06/1911,,,32.7,-117.2,     san diego california,            san diego usa,,,
  15/06/1911,,,,,,,,,
  15/06/1911,,,32.7,-117.2,     san diego california,            san diego usa,,,
  16/06/1911,,,,,,,,,
  16/06/1911,,,32.7,-117.2,     san diego california,            san diego usa,,,
  17/06/1911,,,,,,,,,
  17/06/1911,,,32.7,-117.2,     san diego california,            san diego usa,,,
  18/06/1911,,,,,,,,,
  18/06/1911,,,32.7,-117.2,     san diego california,            san diego usa,,,
  19/06/1911,,,,,,,,,
  19/06/1911,,,32.7,-117.2,     san diego california,            san diego usa,,,
  20/06/1911,,,,,,,,,
  20/06/1911,,,32.7,-117.2,     san diego california,            san diego usa,,,
  21/06/1911,,,,,,,,,
  21/06/1911,,,32.7,-117.2,     san diego california,            san diego usa,,,
  22/06/1911,,,,,,,,,
  22/06/1911,,,32.7,-117.2,     san diego california,            san diego usa,,,
  23/06/1911,,,,,,,,,
  23/06/1911,     31 37,    117 81,35.7,-0.6,at anchor off coronado hotel and at sea making passage to corinto nic,                   anking,north pacific,,
  24/06/1911,,,,,,,,,
  24/06/1911,   28 48 N,  115 55 W,,,,,,,
  25/06/1911,,,,,,,,,
  25/06/1911,   26 41 N,  114 41 W,,,,,,,
  26/06/1911,,,,,,,,,
  26/06/1911,   24 20 N,  112 09 W,,,,,,,
  27/06/1911,,,,,,,,,
  27/06/1911,     22 00,    109 01,,,,,,,
  28/06/1911,,,,,,,,,
  28/06/1911,   20 44 N,  107 21 W,,,,,,,
  29/06/1911,,,,,,,,,
  29/06/1911,   18 50 N,  104 59 W,,,,,,,
  30/06/1911,,,,,,,,,
  30/06/1911,   17 36 N,  102 30 W,,,,,,,
  01/07/1911,,,,,,,,,
  01/07/1911,   17 36 N,  102 30 W,,,,,,,
  01/07/1911,,,,,,,,,
  01/07/1911,   17 04 N,  101 05 W,,,,,,,
  02/07/1911,,,,,,,,,
  02/07/1911,     16 02,     98 28,,,,,,,
  03/07/1911,,,,,,,,,
  03/07/1911,   15 05 N,   95 23 W,,,,,,,
  04/07/1911,,,,,,,,,
  04/07/1911,   14 36 N,   93 28 W,,,,,,,
  05/07/1911,,,,,,,,,
  05/07/1911,   14 36 N,   93 28 W,,,,,,,
  05/07/1911,,,,,,,,,
  05/07/1911,     13 20,     90 21,,,,,,,
  06/07/1911,,,,,,,,,
  06/07/1911,,,-1.8,-44.8,at sea making passage from san diego calarriving to corinto nicaragua,                    ceara,corinto nicaragua,,
  07/07/1911,,,,,,,,,
  07/07/1911,,,-1.8,-44.8,        corinto nicaragua,                    ceara,corinto nicaragua,,
  08/07/1911,,,,,,,,,
  08/07/1911,,,30.5,117.1,at sea making passage from corinto nicaragua to san juan nic,                   anking,corinto nicaragua,,
  09/07/1911,,,,,,,,,
  09/07/1911,,,30.5,117.1,at sea making passage from corinto nicaragua to san juan nic,                   anking,san juan del sur,11 15N,85 52W
  09/07/1911,,,,,,,,,
  09/07/1911,,,-35.1,150.6,at sea making passage from san juan del sud nic to cardon island nic,            garden island,san juan del sur,,
  10/07/1911,,,,,,,,,
  10/07/1911,,,-35.1,150.6,at sea making passage from san juan del sud nic to cardon island nic,            garden island,corinto nicaragua,,
  10/07/1911,,,,,,,,,
  10/07/1911,,,-35.1,150.6,at anchor off cardon island nicaragua,            garden island,corinto nicaragua,,
  11/07/1911,,,,,,,,,
  11/07/1911,,,-35.1,150.6,at anchor off cardon island nicaragua,            garden island,corinto nicaragua,,
  12/07/1911,,,,,,,,,
  12/07/1911,,,-1.8,-44.8,        corinto nicaragua,                    ceara,corinto nicaragua,,
  13/07/1911,,,,,,,,,
  13/07/1911,     11 59,,-1.8,-44.8,        corinto nicaragua,                    ceara,corinto nicaragua,,
  14/07/1911,,,,,,,,,
  14/07/1911,,,,,at anchor in the harbor of corinto nicaragua at sea making passage to san juan del sur nic,,,,
  14/07/1911,,,,,,,,,
  14/07/1911,   11 28 N,   86 16 W,37.4,25.3,san juan del sur nicaragua,                    delos,san juan del sur,,
  15/07/1911,,,,,,,,,
  15/07/1911,   11 28 N,   86 16 W,,,,,,,
  15/07/1911,,,,,,,,,
  15/07/1911,,,-35.1,150.6,off cardon island nicaragua,            garden island,corinto nicaragua,,
  16/07/1911,,,,,,,,,
  16/07/1911,,,-1.8,-44.8,        corinto nicaragua,                    ceara,corinto nicaragua,,
  17/07/1911,,,,,,,,,
  17/07/1911,,,-1.8,-44.8,        corinto nicaragua,                    ceara,corinto nicaragua,,
  18/07/1911,,,,,,,,,
  18/07/1911,,,-1.8,-44.8,        corinto nicaragua,                    ceara,corinto nicaragua,,
  19/07/1911,,,,,,,,,
  19/07/1911,,,-1.8,-44.8,        corinto nicaragua,                    ceara,corinto nicaragua,,
  20/07/1911,,,,,,,,,
  20/07/1911,,,-1.8,-44.8,        corinto nicaragua,                    ceara,corinto nicaragua,,
  21/07/1911,,,,,,,,,
  21/07/1911,,,-1.8,-44.8,        corinto nicaragua,                    ceara,corinto nicaragua,,
  22/07/1911,,,,,,,,,
  22/07/1911,,,-1.8,-44.8,        corinto nicaragua,                    ceara,corinto nicaragua,,
  23/07/1911,,,,,,,,,
  23/07/1911,,,-1.8,-44.8,        corinto nicaragua,                    ceara,corinto nicaragua,,
  25/07/1911,,,,,,,,,
  25/07/1911,,,-1.8,-44.8,        corinto nicaragua,                    ceara,corinto nicaragua,,
  26/07/1911,,,,,,,,,
  26/07/1911,,,-1.8,-44.8,        corinto nicaragua,                    ceara,corinto nicaragua,,
  27/07/1911,,,,,,,,,
  27/07/1911,,,-1.8,-44.8,        corinto nicaragua,                    ceara,corinto nicaragua,,
  28/07/1911,,,,,,,,,
  28/07/1911,,,-1.8,-44.8,        corinto nicaragua,                    ceara,corinto nicaragua,,
  29/07/1911,,,,,,,,,
  29/07/1911,,,-1.8,-44.8,        corinto nicaragua,                    ceara,corinto nicaragua,,
  30/07/1911,,,,,,,,,
  30/07/1911,,,-1.8,-44.8,        corinto nicaragua,                    ceara,corinto nicaragua,,
  31/07/1911,     31 07,,,,,,,,
  31/07/1911,,,-1.8,-44.8,        corinto nicaragua,                    ceara,corinto nicaragua,,
  01/08/1911,,,,,,,,,
  01/08/1911,,,-1.8,-44.8,        corinto nicaragua,                    ceara,corinto nicaragua,,
  02/08/1911,,,,,,,,,
  02/08/1911,,,-1.8,-44.8,        corinto nicaragua,                    ceara,corinto nicaragua,,
  03/08/1911,,,,,,,,,
  03/08/1911,,,-1.8,-44.8,        corinto nicaragua,                    ceara,corinto nicaragua,,
  04/08/1911,,,,,,,,,
  04/08/1911,,,-1.8,-44.8,at anchor in the harbor of corinto nicaragua,                    ceara,corinto nicaragua,,
  05/08/1911,,,,,,,,,
  05/08/1911,,,-1.8,-44.8,        corinto nicaragua,                    ceara,corinto nicaragua,,
  06/08/1911,,,,,,,,,
  06/08/1911,,,-1.8,-44.8,        corinto nicaragua,                    ceara,corinto nicaragua,,
  07/08/1911,,,,,,,,,
  07/08/1911,,,-1.8,-44.8,        corinto nicaragua,                    ceara,corinto nicaragua,,
  08/08/1911,,,,,,,,,
  08/08/1911,,,-1.8,-44.8,at anchor in the harbor of corinto nicaragua,                    ceara,corinto nicaragua,,
  08/08/1911,,,,,,,,,
  08/08/1911,,,-1.8,-44.8,        corinto nicaragua,                    ceara,corinto nicaragua,,
  09/08/1911,,,,,,,,,
  09/08/1911,,,-1.8,-44.8,at anchor in the harbor of corinto nicaragua,                    ceara,corinto nicaragua,,
  09/08/1911,,,,,,,,,
  09/08/1911,,,-1.8,-44.8,        corinto nicaragua,                    ceara,corinto nicaragua,,
  10/08/1911,,,,,,,,,
  10/08/1911,,,-1.8,-44.8,        corinto nicaragua,                    ceara,corinto nicaragua,,
  11/08/1911,,,,,,,,,
  11/08/1911,,,-1.8,-44.8,at anchor in the harbor of corinto nicaragua,                    ceara,corinto nicaragua,,
  11/08/1911,,,,,,,,,
  11/08/1911,,,-1.8,-44.8,        corinto nicaragua,                    ceara,corinto nicaragua,,
  12/08/1911,,,,,,,,,
  12/08/1911,,,-1.8,-44.8,        corinto nicaragua,                    ceara,corinto nicaragua,,
  13/08/1911,,,,,,,,,
  13/08/1911,,,-1.8,-44.8,        corinto nicaragua,                    ceara,corinto nicaragua,,
  14/08/1911,,,,,,,,,
  14/08/1911,,,-1.8,-44.8,        corinto nicaragua,                    ceara,corinto nicaragua,,
  15/08/1911,,,,,,,,,
  15/08/1911,,,-1.8,-44.8,        corinto nicaragua,                    ceara,corinto nicaragua,,
  16/08/1911,,,,,,,,,
  16/08/1911,,,-1.8,-44.8,        corinto nicaragua,                    ceara,corinto nicaragua,,
  17/08/1911,,,,,,,,,
  17/08/1911,,,-1.8,-44.8,        corinto nicaragua,                    ceara,corinto nicaragua,,
  18/08/1911,,,,,,,,,
  18/08/1911,,,-1.8,-44.8,        corinto nicaragua,                    ceara,corinto nicaragua,,
  19/08/1911,,,,,,,,,
  19/08/1911,,,-1.8,-44.8,        corinto nicaragua,                    ceara,corinto nicaragua,,
  20/08/1911,,,,,,,,,
  20/08/1911,,,-1.8,-44.8,        corinto nicaragua,                    ceara,corinto nicaragua,,
  21/08/1911,,,,,,,,,
  21/08/1911,,,-1.8,-44.8,        corinto nicaragua,                    ceara,corinto nicaragua,,
  22/08/1911,,,,,,,,,
  22/08/1911,,,-1.8,-44.8,        corinto nicaragua,                    ceara,corinto nicaragua,,
  23/08/1911,,,,,,,,,
  23/08/1911,,,-1.8,-44.8,        corinto nicaragua,                    ceara,corinto nicaragua,,
  24/08/1911,,,,,,,,,
  24/08/1911,,,-1.8,-44.8,        corinto nicaragua,                    ceara,corinto nicaragua,,
  25/08/1911,,,,,,,,,
  25/08/1911,,,-1.8,-44.8,        corinto nicaragua,                    ceara,corinto nicaragua,,
  26/08/1911,,,,,,,,,
  26/08/1911,,,-1.8,-44.8,        corinto nicaragua,                    ceara,corinto nicaragua,,
  27/08/1911,,,,,,,,,
  27/08/1911,,,-1.8,-44.8,        corinto nicaragua,                    ceara,corinto nicaragua,,
  28/08/1911,,,,,,,,,
  28/08/1911,,,-1.8,-44.8,        corinto nicaragua,                    ceara,corinto nicaragua,,
  29/08/1911,,,,,,,,,
  29/08/1911,,,-1.8,-44.8,        corinto nicaragua,                    ceara,corinto nicaragua,,
  30/08/1911,,,,,,,,,
  30/08/1911,,,-1.8,-44.8,        corinto nicaragua,                    ceara,corinto nicaragua,,
  31/08/1911,,,,,,,,,
  31/08/1911,,,-1.8,-44.8,        corinto nicaragua,                    ceara,corinto nicaragua,,
  01/09/1911,,,,,,,,,
  01/09/1911,,,-1.8,-44.8,        corinto nicaragua,                    ceara,corinto nicaragua,,
  02/09/1911,,,,,,,,,
  02/09/1911,,,-1.8,-44.8,        corinto nicaragua,                    ceara,corinto nicaragua,,
  03/09/1911,,,,,,,,,
  03/09/1911,,,-1.8,-44.8,        corinto nicaragua,                    ceara,corinto nicaragua,,
  04/09/1911,,,,,,,,,
  04/09/1911,,,-35.1,-44.8,        corinto nicaragua,            garden island,corinto nicaragua,,
  05/09/1911,,,,,,,,,
  05/09/1911,,,-35.1,150.6,cruising and at anchor off cardon island nic at anchor in the harbor of corinto nicaragua,            garden island,corinto nicaragua,,
  05/09/1911,,,,,,,,,
  05/09/1911,,,-35.1,150.6,at anchor off cardon island cruising and moored in corinto harbor nic,            garden island,corinto nicaragua,,
  06/09/1911,,,,,,,,,
  06/09/1911,,,-1.8,-44.8,        corinto nicaragua,                    ceara,corinto nicaragua,,
  07/09/1911,,,,,,,,,
  07/09/1911,,,-1.8,-44.8,        corinto nicaragua,                    ceara,corinto nicaragua,,
  08/09/1911,,,,,,,,,
  08/09/1911,,,-1.8,-44.8,        corinto nicaragua,                    ceara,corinto nicaragua,,
  09/09/1911,,,,,,,,,
  09/09/1911,,,-1.8,-44.8,        corinto nicaragua,                    ceara,corinto nicaragua,,
  10/09/1911,,,,,,,,,
  10/09/1911,,,-17.5,-149.8,moored in the harbor of corinto nicaragua,                   moorea,corinto nicaragua,,
  10/09/1911,,,,,,,,,
  10/09/1911,,,-1.8,-44.8,        corinto nicaragua,                    ceara,corinto nicaragua,,
  11/09/1911,,,,,,,,,
  11/09/1911,,,-1.8,-44.8,        corinto nicaragua,                    ceara,corinto nicaragua,,
  12/09/1911,,,,,,,,,
  12/09/1911,,,-1.8,-44.8,        corinto nicaragua,                    ceara,corinto nicaragua,,
  13/09/1911,,,,,,,,,
  13/09/1911,,,-1.8,-44.8,        corinto nicaragua,                    ceara,corinto nicaragua,,
  14/09/1911,,,,,,,,,
  14/09/1911,,,-1.8,-44.8,        corinto nicaragua,                    ceara,corinto nicaragua,,
  15/09/1911,,,,,,,,,
  15/09/1911,,,-1.8,-44.8,        corinto nicaragua,                    ceara,corinto nicaragua,,
  16/09/1911,,,,,,,,,
  16/09/1911,,,-1.8,-44.8,        corinto nicaragua,                    ceara,corinto nicaragua,,
  17/09/1911,,,,,,,,,
  17/09/1911,,,-1.8,-44.8,        corinto nicaragua,                    ceara,corinto nicaragua,,
  18/09/1911,,,,,,,,,
  18/09/1911,,,-1.8,-44.8,        corinto nicaragua,                    ceara,corinto nicaragua,,
  19/09/1911,,,,,,,,,
  19/09/1911,,,-1.8,-44.8,        corinto nicaragua,                    ceara,corinto nicaragua,,
  20/09/1911,,,,,,,,,
  20/09/1911,,,-1.8,-44.8,        corinto nicaragua,                    ceara,corinto nicaragua,,
  21/09/1911,,,,,,,,,
  21/09/1911,,,-1.8,-44.8,        corinto nicaragua,                    ceara,corinto nicaragua,,
  22/09/1911,,,,,,,,,
  22/09/1911,,,-1.8,-44.8,        corinto nicaragua,                    ceara,corinto nicaragua,,
  23/09/1911,,,,,,,,,
  23/09/1911,,,-1.8,-44.8,        corinto nicaragua,                    ceara,corinto nicaragua,,
   24/9/1911,,,,,,,,,
   24/9/1911,,,-1.8,-44.8,        corinto nicaragua,                    ceara,corinto nicaragua,,
  25/09/1911,,,,,,,,,
  25/09/1911,,,-1.8,-44.8,        corinto nicaragua,                    ceara,corinto nicaragua,,
  26/09/1911,,,,,,,,,
  26/09/1911,   11 21 N,   86 07 W,,,at sea making passage from corinto nicaragua to san juan del sur nic,,,,
  27/09/1911,,,,,,,,,
  27/09/1911,,,,,at anchor in the harbor of corinto nicaragua at sea making passage to san juan del sur nic,,,,
  27/09/1911,,,,,,,,,
  27/09/1911,,,37.4,25.3,san juan del sur nicaragua,                    delos,san juan del sur,,
  28/09/1911,,,,,,,,,
  28/09/1911,,,30.5,117.1,at sea making passage from san juan del sur to corinto nicaragua,                   anking,san juan del sur,,
  29/09/1911,,,,,,,,,
  29/09/1911,,,-1.8,-44.8,        corinto nicaragua,                    ceara,corinto nicaragua,,
  30/09/1911,,,,,,,,,
  30/09/1911,,,-1.8,-44.8,        corinto nicaragua,                    ceara,corinto nicaragua,,
  01/10/1911,,,,,,,,,
  01/10/1911,,,-1.8,-44.8,        corinto nicaragua,                    ceara,corinto nicaragua,,
  02/10/1911,,,,,,,,,
  02/10/1911,,,-1.8,-44.8,        corinto nicaragua,                    ceara,corinto nicaragua,,
  03/10/1911,,,,,,,,,
  03/10/1911,,,-1.8,-44.8,        corinto nicaragua,                    ceara,corinto nicaragua,,
  04/10/1911,,,,,,,,,
  04/10/1911,,,39.6,2.6,at sea making passage to amapala honduras,                    palma,gulf of fonseca,13 15N,87 45W
  05/10/1911,,,,,,,,,
  05/10/1911,,,39.6,2.6,         amapala honduras,                    palma,amapala,,
  06/10/1911,,,,,,,,,
  06/10/1911,,,55,-1.5,at anchor and cruising off the west coast of honduras and salvador,                      tic,gulf of fonseca,,
  07/10/1911,,,,,,,,,
  07/10/1911,,,39.6,2.6,         amapala honduras,                    palma,amapala,,
  08/10/1911,,,,,,,,,
  08/10/1911,,,39.6,2.6,         amapala honduras,                    palma,amapala,,
  09/10/1911,,,,,,,,,
  09/10/1911,,,39.6,2.6,         amapala honduras,                    palma,amapala,,
  10/10/1911,,,,,,,,,
  10/10/1911,,,39.6,2.6,         amapala honduras,                    palma,amapala,,
  11/10/1911,,,,,,,,,
  11/10/1911,,,39.6,2.6,         amapala honduras,                    palma,amapala,,
  12/10/1911,,,,,,,,,
  12/10/1911,,,39.6,2.6,         amapala honduras,                    palma,amapala,,
  13/10/1911,,,,,,,,,
  13/10/1911,,,39.6,2.6,at anchor in the harbor of amapala honduras cruising off west,                    palma,amapala,,
  13/10/1911,,,,,,,,,
  13/10/1911,,,39.6,2.6,         amapala honduras,                    palma,amapala,,
  14/10/1911,,,,,,,,,
  14/10/1911,,,39.6,2.6,         amapala honduras,                    palma,amapala,,
  15/10/1911,,,,,,,,,
  15/10/1911,   13 06 N,   88 10 W,37.5,8.9,at anchor off mangarita island,            galita island,gulf of fonseca,,
  16/10/1911,,,,,,,,,
  16/10/1911,   13 37 N,   90 28 W,,,,,,,
  17/10/1911,,,,,,,,,
  17/10/1911,   15 24 N,     93 11,,,,,,,
  18/10/1911,,,,,,,,,
  18/10/1911,   15 41 N,   96 36 W,,,,,,,
  19/10/1911,,,,,,,,,
  19/10/1911,   16 29 N,   99 24 W,55,-1.5,          acapulco mexico,                      tic,acapulco,,
  20/10/1911,,,,,,,,,
  20/10/1911,   17 28 N,  101 46 W,,,,,,,
  21/10/1911,,,,,,,,,
  21/10/1911,   19 01 N,  104 42 W,,,,,,,
  22/10/1911,,,,,,,,,
  22/10/1911,   20 48 N,  107 15 W,,,,,,,
  23/10/1911,,,,,,,,,
  23/10/1911,   22 50 N,  109 59 W,,,,,,,
  24/10/1911,,,,,,,,,
  24/10/1911,   25 17 N,  113 05 W,,,,,,,
  25/10/1911,,,,,,,,,
  25/10/1911,   28 11 N,  115 34 W,,,,,,,
  26/10/1911,,,,,,,,,
  26/10/1911,,,32.7,-117.2,at sea making passage from acapulco mexico to san diego cal,            san diego usa,,,
  27/10/1911,,,,,,,,,
  27/10/1911,,,32.7,-117.2,     san diego california,            san diego usa,,,
  28/10/1911,,,,,,,,,
  28/10/1911,,,32.7,-117.2,     san diego california,            san diego usa,,,
  29/10/1911,,,,,,,,,
  29/10/1911,,,32.7,-117.2,at anchor in the harbor of san diego california,            san diego usa,,,
  30/10/1911,,,,,,,,,
  30/10/1911,,,32.7,-118.3,     san diego california,            san diego usa,,,
  31/10/1911,,,,,,,,,
  31/10/1911,,,33.7,-118.3,at anchor in the harbor of san pedro california and cruising acting as reserving ship for admiral thomas,          san pedro calif,,,
  01/11/1911,,,,,,,,,
  01/11/1911,,,33.7,-118.3,     san pedro california,          san pedro calif,,,
  02/11/1911,,,,,,,,,
  02/11/1911,,,33.7,-118.3,     san pedro california,          san pedro calif,,,
  03/11/1911,,,,,,,,,
  03/11/1911,   33 22 N,  117 57 W,33.7,-118.3,     san pedro california,          san pedro calif,,,
  04/11/1911,,,,,,,,,
  04/11/1911,,,32.7,-117.2,     san diego california,            san diego usa,,,
  05/11/1911,,,,,,,,,
  05/11/1911,,,32.7,-117.2,     san diego california,            san diego usa,,,
  06/11/1911,,,,,,,,,
  06/11/1911,,,32.7,-117.2,     san diego california,            san diego usa,,,
  07/11/1911,,,,,,,,,
  07/11/1911,,,32.7,-117.2,     san diego california,            san diego usa,,,
  08/11/1911,,,,,,,,,
  08/11/1911,,,-8.7,115.2,      coronado california,                     bali,coronado california,,
  09/11/1911,,,,,,,,,
  09/11/1911,,,-8.7,115.2,      coronado california,                     bali,coronado california,,
  10/11/1911,,,,,,,,,
  10/11/1911,,,-8.7,115.2,      coronado california,                     bali,coronado california,,
  11/11/1911,,,,,,,,,
  11/11/1911,,,32.7,-117.2,     san diego california,            san diego usa,,,
  12/11/1911,,,,,,,,,
  12/11/1911,,,32.7,-117.2,at anchor in the harbor of san diego  off coronado hotel coronadocalifornia,            san diego usa,,,
  13/11/1911,,,,,,,,,
  13/11/1911,,,-8.7,115.2,      coronado california,                     bali,coronado california,,
  14/11/1911,,,,,,,,,
  14/11/1911,   34 24 N,  120 13 W,,,,,,,
  15/11/1911,,,,,,,,,
  15/11/1911,   34 20 N,  120 10 W,,,,,,,
  15/11/1911,,,,,,,,,
  15/11/1911,,,32.7,-122.3,at sea making passage from san diego to mare isl cal,                san diego,,,
  16/11/1911,,,,,,,,,
  16/11/1911,,,38.1,-122.3,at sea making passage from san diego to and arriving at mare island cal,              mare island,,,
  17/11/1911,,,,,,,,,
  17/11/1911,,,38.1,-122.3,moored to buoy 3 in stream at mare island california,              mare island,,,
  18/11/1911,,,,,,,,,
  18/11/1911,,,38.1,-122.3,              mare island,              mare island,,,
  19/11/1911,,,,,,,,,
  19/11/1911,,,38.1,-122.3,   mare island california,              mare island,,,
  20/11/1911,,,,,,,,,
  20/11/1911,,,38.1,-122.3,in dry dock 2 at navy yard mare island cal,              mare island,,,
  21/11/1911,,,,,,,,,
  21/11/1911,,,38.1,-122.3,   mare island california,              mare island,,,
  22/11/1911,,,,,,,,,
  22/11/1911,,,38.1,-122.3,in dry dock 2 at navy yard mare island cal,              mare island,,,
  23/11/1911,,,,,,,,,
  23/11/1911,,,38.1,-122.3,   mare island california,              mare island,,,
  24/11/1911,,,,,,,,,
  24/11/1911,,,38.1,-122.3,in dry dock 2 at navy yard mare island cal,              mare island,,,
  25/11/1911,,,,,,,,,
  25/11/1911,,,38.1,-122.3,in dry dock 2 at navy yard mare island cal,              mare island,,,
  26/11/1911,,,,,,,,,
  26/11/1911,,,38.1,-122.3,in dry dock 2 at navy yard mare island cal,              mare island,,,
  27/11/1911,,,,,,,,,
  27/11/1911,,,38.1,-122.3,   mare island california,              mare island,,,
  28/11/1911,,,,,,,,,
  28/11/1911,,,38.1,-122.3,in dry dock 2 at navy yard mare island cal,              mare island,,,
  29/11/1911,,,,,,,,,
  29/11/1911,,,38.1,-122.3,in dry dock 2 at navy yard mare island cal,              mare island,,,
  30/11/1911,,,,,,,,,
  30/11/1911,,,38.1,-122.3,   mare island california,              mare island,,,
  01/12/1911,,,,,,,,,
  01/12/1911,,,38.1,-122.3,in dry dock 2 and moored alongside dock at navy yard mare island cal,              mare island,,,
  02/12/1911,,,,,,,,,
  02/12/1911,,,38.1,-122.3,   mare island california,              mare island,,,
  03/12/1911,,,,,,,,,
  03/12/1911,,,38.1,-122.3,navy yard mare island california,              mare island,,,
  04/12/1911,,,,,,,,,
  04/12/1911,,,38.1,-122.3,moored alongside dock at mare island navy yard california,              mare island,,,
  05/12/1911,,,,,,,,,
  05/12/1911,,,38.1,-122.3,moored alongside dock at navy yard mare island california,              mare island,,,
  06/12/1911,,,,,,,,,
  06/12/1911,,,38.1,-122.3,   mare island california,              mare island,,,
  07/12/1911,,,,,,,,,
  07/12/1911,,,38.1,-122.3,moored alongside seawall at navy yard mare island california,              mare island,,,
  08/12/1911,,,,,,,,,
  08/12/1911,,,38.1,-122.3,moored alongside seawall at navy yard mare island cal,              mare island,,,
  09/12/1911,,,,,,,,,
  09/12/1911,,,38.1,-122.3,   mare island california,              mare island,,,
  10/12/1911,,,,,,,,,
  10/12/1911,,,38.1,-122.3,moored alongside seawall at navy yard mare island california,              mare island,,,
  11/12/1911,,,,,,,,,
  11/12/1911,,,38.1,-122.3,moored alongside seawall at navy yard mare island california,              mare island,,,
  12/12/1911,,,,,,,,,
  12/12/1911,,,38.1,-122.3,moored alongside seawall at navy yard mare island california,              mare island,,,
  13/12/1911,,,,,,,,,
  13/12/1911,,,38.1,-122.3,moored alongside seawall at navy yard mare island california,              mare island,,,
  14/12/1911,,,,,,,,,
  14/12/1911,,,38.1,-122.3,moored alongside seawall at navy yard mare island california,              mare island,,,
  15/12/1911,,,,,,,,,
  15/12/1911,,,38.1,-122.3,moored alongside seawall at navy yard mare island california,              mare island,,,
  16/12/1911,,,,,,,,,
  16/12/1911,,,38.1,-122.3,moored alongside seawall at navy yard mare island california,              mare island,,,
  17/12/1911,,,,,,,,,
  17/12/1911,,,38.1,-122.3,moored alongside seawall at navy yard mare island california,              mare island,,,
  18/12/1911,,,,,,,,,
  18/12/1911,,,38.1,-122.3,moored alongside seawall at navy yard mare island california,              mare island,,,
  19/12/1911,,,,,,,,,
  19/12/1911,,,38.1,-122.3,moored alongside seawall at navy yard mare island california,              mare island,,,
  20/12/1911,,,,,,,,,
  20/12/1911,,,38.1,-122.3,moored alongside seawall at navy yard mare island california,              mare island,,,
  21/12/1911,,,,,,,,,
  21/12/1911,,,38.1,-122.3,moored alongside seawall at navy yard mare island california,              mare island,,,
  22/12/1911,,,,,,,,,
  22/12/1911,,,38.1,-122.3,in dry dock 1 at navy yard mare island california,              mare island,,,
  23/12/1911,,,,,,,,,
  23/12/1911,,,38.1,-122.3,in dry dock n1 at navy yard mare island california,              mare island,,,
  24/12/1911,,,,,,,,,
  24/12/1911,,,38.1,-122.3,in dry dock n1 at navy yard mare island california,              mare island,,,
  25/12/1911,,,,,,,,,
  25/12/1911,,,38.1,-122.3,in dry dock n1 at navy yard mare island california,              mare island,,,
  26/12/1911,,,,,,,,,
  26/12/1911,,,38.1,-122.3,in dry dock n1 at navy yard mare island california,              mare island,,,
  27/12/1911,,,,,,,,,
  27/12/1911,,,38.1,-122.3,moored alongside seawall at navy yard mare island california,              mare island,,,
  28/12/1911,,,,,,,,,
  28/12/1911,,,38.1,-122.3,moored alongside seawall at navy yard mare island california,              mare island,,,
  29/12/1911,,,,,,,,,
  29/12/1911,,,38.1,-122.3,moored alongside seawall at navy yard mare island california,              mare island,,,
  30/12/1911,,,,,,,,,
  30/12/1911,,,38.1,-122.3,moored alongside seawall at navy yard mare island california,              mare island,,,
  31/12/1911,,,,,,,,,
  31/12/1911,,,38.1,-122.3,moored alongside seawall at navy yard mare island california,              mare island,,,
    1/1/1912,,,,,,,,,
    1/1/1912,   37 32 N,  122 35 W,38.1,-122.3,moored alongside seawall at navy yard mare island california,              mare island,,,
  02/01/1912,,,,,,,,,
  02/01/1912,   34 11 N,  120 48 W,,,,,,,
  03/01/1912,,,,,,,,,
  03/01/1912,,,32.7,-117.2,at sea making passage from mare island to san diego california,                san diego,,,
  04/01/1912,,,,,,,,,
  04/01/1912,,,32.7,-117.2,at anchor in the harbor of san diego california,            san diego usa,,,
  05/01/1912,,,,,,,,,
  05/01/1912,,,32.7,-117.2,     san diego california,            san diego usa,,,
  06/01/1912,,,,,,,,,
  06/01/1912,,,,,,,,,
  06/01/1912,,,,,,,,,
  06/01/1912,,,,,,,,,
  06/01/1912,,,,,,,,,
  06/01/1912,,,,,,,,,
  06/01/1912,,,,,,,,,
  06/01/1912,,,,,,,,,
  06/01/1912,,,,,,,,,
  06/01/1912,,,,,,,,,
  06/01/1912,,,,,,,,,
  06/01/1912,,,,,,,,,
  06/01/1912,,,,,,,,,
  06/01/1912,,,,,,,,,
  06/01/1912,,,,,,,,,
  06/01/1912,   32 37 N,  117 14 W,32.7,-117.2,     san diego california,            san diego usa,,,
  07/01/1912,,,,,,,,,
  07/01/1912,   28 48 N,  115 57 W,,,,,,,
  08/01/1912,,,,,,,,,
  08/01/1912,   25 52 N,  113 34 W,,,,,,,
  09/01/1912,,,,,,,,,
  09/01/1912,   23 01 N,  110 28 W,,,,,,,
  10/01/1912,,,,,,,,,
  10/01/1912,   20 56 N,  107 32 W,,,,,,,
  11/01/1912,,,,,,,,,
  11/01/1912,   18 45 N,  104 17 W,,,,,,,
  12/01/1912,,,,,,,,,
  12/01/1912,   17 17 N,  101 14 W,,,,,,,
  13/01/1912,,,,,,,,,
  13/01/1912,   15 50 N,   97 15 W,,,,,,,
  14/01/1912,,,,,,,,,
  14/01/1912,   15 39 N,   93 46 W,,,,,,,
  15/01/1912,,,,,,,,,
  15/01/1912,   13 53 N,   91 22 W,,,,,,,
  16/01/1912,,,,,,,,,
  16/01/1912,,,35.9,14.4,at anchor off san juan de guatemala,                    malta,puerto san jose,13 56N,90 49W
  17/01/1912,,,,,,,,,
  17/01/1912,,,35.9,14.4,at anchor off san jose guatemala,                    malta,puerto san jose,,
  17/01/1912,,,,,,,,,
  17/01/1912,,,,,at sea making passage from san jose de guatemala to corinto nicaragua,,,,
  18/01/1912,,,,,,,,,
  18/01/1912,,,,,at sea making passage from san jose de guatemala to corinto nicaragua,,,,
  18/01/1912,,,,,,,,,
  18/01/1912,,,-1.8,-44.8,        corinto nicaragua,                    ceara,corinto nicaragua,,
  19/01/1912,,,,,,,,,
  19/01/1912,,,-1.8,-44.8,        corinto nicaragua,                    ceara,corinto nicaragua,,
  20/01/1912,,,,,,,,,
  20/01/1912,,,-1.8,-44.8,        corinto nicaragua,                    ceara,corinto nicaragua,,
  21/01/1912,,,,,,,,,
  21/01/1912,,,-1.8,-44.8,        corinto nicaragua,                    ceara,corinto nicaragua,,
  22/01/1912,,,,,,,,,
  22/01/1912,,,-1.8,-44.8,        corinto nicaragua,                    ceara,corinto nicaragua,,
  23/01/1912,,,,,,,,,
  23/01/1912,,,-1.8,-44.8,        corinto nicaragua,                    ceara,corinto nicaragua,,
  24/01/1912,,,,,,,,,
  24/01/1912,,,-1.8,-44.8,        corinto nicaragua,                    ceara,corinto nicaragua,,
  25/01/1912,,,,,,,,,
  25/01/1912,,,-1.8,-44.8,        corinto nicaragua,                    ceara,corinto nicaragua,,
  26/01/1912,,,,,,,,,
  26/01/1912,,,-1.8,-44.8,        corinto nicaragua,                    ceara,corinto nicaragua,,
  27/01/1912,,,,,,,,,
  27/01/1912,,,-1.8,-44.8,        corinto nicaragua,                    ceara,corinto nicaragua,,
  28/01/1912,,,,,,,,,
  28/01/1912,,,-1.8,-44.8,        corinto nicaragua,                    ceara,corinto nicaragua,,
   29/1/1912,,,,,,,,,
   29/1/1912,,,-1.8,-44.8,        corinto nicaragua,                    ceara,corinto nicaragua,,
  30/01/1912,,,,,,,,,
  30/01/1912,,,-1.8,-44.8,        corinto nicaragua,                    ceara,corinto nicaragua,,
  31/01/1912,,,,,,,,,
  31/01/1912,,,-1.8,-44.8,        corinto nicaragua,                    ceara,corinto nicaragua,,
  01/02/1912,,,,,,,,,
  01/02/1912,,,-1.8,-44.8,        corinto nicaragua,                    ceara,corinto nicaragua,,
  02/02/1912,,,,,,,,,
  02/02/1912,,,-1.8,-44.8,        corinto nicaragua,                    ceara,corinto nicaragua,,
  03/02/1912,,,,,,,,,
  03/02/1912,,,-1.8,-44.8,        corinto nicaragua,                    ceara,corinto nicaragua,,
  04/02/1912,,,,,,,,,
  04/02/1912,,,-1.8,-44.8,        corinto nicaragua,                    ceara,corinto nicaragua,,
  05/02/1912,,,,,,,,,
  05/02/1912,,,-1.8,-44.8,        corinto nicaragua,                    ceara,corinto nicaragua,,
  06/02/1912,,,,,,,,,
  06/02/1912,,,-1.8,-44.8,at anchor in the harbor of corinto nicaragua,                    ceara,corinto nicaragua,,
  06/02/1912,,,,,,,,,
  06/02/1912,,,-1.8,-44.8,at anchor in the harbor of corinto nicaragua,                    ceara,corinto nicaragua,,
  06/02/1912,,,,,,,,,
  06/02/1912,,,-1.8,-44.8,        corinto nicaragua,                    ceara,corinto nicaragua,,
  07/02/1912,,,,,,,,,
  07/02/1912,   12 29 N,   87 21 W,-1.8,-44.8,        corinto nicaragua,                    ceara,corinto nicaragua,,
  08/02/1912,,,,,,,,,
  08/02/1912,,,39.6,2.6,         amapala honduras,                    palma,amapala,,
  09/02/1912,,,,,,,,,
  09/02/1912,,,39.6,2.6,         amapala honduras,                    palma,amapala,,
  10/02/1912,,,,,,,,,
  10/02/1912,,,39.6,2.6,         amapala honduras,                    palma,amapala,,
  11/02/1912,,,,,        la union salvador,,,,
  11/02/1912,,,43.1,16.7,        la union salvador,                     hvar,la union el salvador,13 20 13N,87 50 38W
  12/02/1912,,,,,,,,,
  12/02/1912,,,43.1,16.7,at anchor in the harbor of la union salvador,                     hvar,la union el salvador,,
  12/02/1912,,,,,,,,,
  12/02/1912,,,55,-1.5,at sea cruising off the west coast of central america,                      tic,gulf of fonseca,,
  13/02/1912,,,,,,,,,
  13/02/1912,,,-1.8,-149.8,moored alongside usna justin in the harbor of corinto nicaragua,                    ceara,corinto nicaragua,,
  14/02/1912,,,,,,,,,
  14/02/1912,,,-1.8,-44.8,        corinto nicaragua,                    ceara,corinto nicaragua,,
  15/02/1912,,,,,,,,,
  15/02/1912,,,-1.8,-44.8,        corinto nicaragua,                    ceara,corinto nicaragua,,
  16/02/1912,,,,,,,,,
  16/02/1912,,,-1.8,-44.8,        corinto nicaragua,                    ceara,corinto nicaragua,,
  17/02/1912,,,,,,,,,
  17/02/1912,,,-1.8,-44.8,        corinto nicaragua,                    ceara,corinto nicaragua,,
  18/02/1912,,,,,,,,,
  18/02/1912,,,-1.8,-44.8,        corinto nicaragua,                    ceara,corinto nicaragua,,
  19/02/1912,,,,,,,,,
  19/02/1912,,,-1.8,-44.8,        corinto nicaragua,                    ceara,corinto nicaragua,,
  20/02/1912,,,,,,,,,
  20/02/1912,,,-1.8,-44.8,        corinto nicaragua,                    ceara,corinto nicaragua,,
  21/02/1912,,,,,,,,,
  21/02/1912,,,-1.8,-44.8,        corinto nicaragua,                    ceara,corinto nicaragua,,
  22/02/1912,,,,,,,,,
  22/02/1912,,,-1.8,-44.8,        corinto nicaragua,                    ceara,corinto nicaragua,,
   23/2/1912,,,,,,,,,
   23/2/1912,,,-1.8,-44.8,        corinto nicaragua,                    ceara,corinto nicaragua,,
   24/2/1912,,,,,,,,,
   24/2/1912,,,-1.8,-44.8,        corinto nicaragua,                    ceara,corinto nicaragua,,
  25/02/1912,,,,,,,,,
  25/02/1912,,,-1.8,-44.8,        corinto nicaragua,                    ceara,corinto nicaragua,,
  26/02/1912,,,,,,,,,
  26/02/1912,,,-1.8,-44.8,        corinto nicaragua,                    ceara,corinto nicaragua,,
  27/02/1912,,,,,,,,,
  27/02/1912,,,-1.8,-44.8,        corinto nicaragua,                    ceara,corinto nicaragua,,
  28/02/1912,,,,,,,,,
  28/02/1912,   12 53 N,   88 34 W,,,,,,,
  29/02/1912,,,,,,,,,
  29/02/1912,,,55,-1.5,at sea cruising off the west coast of central america,                      tic,corinto nicaragua,,
  01/03/1912,,,,,,,,,
  01/03/1912,,,-1.8,-44.8,        corinto nicaragua,                    ceara,corinto nicaragua,,
  02/03/1912,,,,,,,,,
  02/03/1912,,,-1.8,-44.8,        corinto nicaragua,                    ceara,corinto nicaragua,,
  03/03/1912,,,,,,,,,
  03/03/1912,,,-1.8,-44.8,        corinto nicaragua,                    ceara,corinto nicaragua,,
  04/03/1912,,,,,,,,,
  04/03/1912,,,-1.8,-44.8,        corinto nicaragua,                    ceara,corinto nicaragua,,
  05/03/1912,,,,,,,,,
  05/03/1912,,,-1.8,-44.8,        corinto nicaragua,                    ceara,corinto nicaragua,,
    6/3/1912,,,,,,,,,
    6/3/1912,,,-1.8,-44.8,        corinto nicaragua,                    ceara,corinto nicaragua,,
  07/03/1912,,,,,,,,,
  07/03/1912,,,-1.8,-44.8,        corinto nicaragua,                    ceara,corinto nicaragua,,
  08/03/1912,,,,,,,,,
  08/03/1912,,,-1.8,-44.8,        corinto nicaragua,                    ceara,corinto nicaragua,,
  09/03/1912,,,,,,,,,
  09/03/1912,,,-1.8,-44.8,        corinto nicaragua,                    ceara,corinto nicaragua,,
  10/03/1912,,,,,,,,,
  10/03/1912,,,-1.8,-44.8,        corinto nicaragua,                    ceara,corinto nicaragua,,
  11/03/1912,,,,,,,,,
  11/03/1912,,,-1.8,-44.8,        corinto nicaragua,                    ceara,corinto nicaragua,,
  12/03/1912,,,,,,,,,
  12/03/1912,,,-1.8,-44.8,        corinto nicaragua,                    ceara,corinto nicaragua,,
   13/3/1912,,,,,,,,,
   13/3/1912,,,-1.8,-44.8,        corinto nicaragua,                    ceara,corinto nicaragua,,
  14/03/1912,,,,,,,,,
  14/03/1912,,,-1.8,-44.8,        corinto nicaragua,                    ceara,corinto nicaragua,,
   15/3/1912,,,,,,,,,
   15/3/1912,,,-1.8,-44.8,        corinto nicaragua,                    ceara,corinto nicaragua,,
  16/03/1912,,,,,,,,,
  16/03/1912,,,-1.8,-44.8,        corinto nicaragua,                    ceara,corinto nicaragua,,
  17/03/1912,,,,,,,,,
  17/03/1912,,,-1.8,-44.8,        corinto nicaragua,                    ceara,corinto nicaragua,,
   18/3/1912,,,,,,,,,
   18/3/1912,,,-1.8,-44.8,        corinto nicaragua,                    ceara,corinto nicaragua,,
  19/03/1912,,,,,,,,,
  19/03/1912,   12 40 N,   87 29 W,-1.8,-44.8,        corinto nicaragua,                    ceara,corinto nicaragua,,
  20/03/1912,,,,,,,,,
  20/03/1912,,,-17.5,-149.8,at anchor and moored alongside usna justin in the gulf of fonseca ca,                   moorea,gulf of fonseca,,
  21/03/1912,     21 03,,30,48.5,   in the gulf of fonseca,                      fao,gulf of fonseca,,
  21/03/1912,,,30,48.5,at anchor in the gulf of fonseca at sea making passage to corinto nicaragua,                   anking,gulf of fonseca,,
  22/03/1912,,,-1.8,-44.8,        corinto nicaragua,                    ceara,corinto nicaragua,,
  22/03/1912,,,-1.8,-44.8,        corinto nicaragua,                    ceara,corinto nicaragua,,
  23/03/1912,,,,,,,,,
  23/03/1912,,,-1.8,-44.8,        corinto nicaragua,                    ceara,corinto nicaragua,,
  24/03/1912,,,,,,,,,
  24/03/1912,,,-1.8,-44.8,        corinto nicaragua,                    ceara,corinto nicaragua,,
  25/03/1912,,,,,,,,,
  25/03/1912,,,-1.8,-44.8,        corinto nicaragua,                    ceara,corinto nicaragua,,
  26/03/1912,,,,,,,,,
  26/03/1912,,,-1.8,-44.8,        corinto nicaragua,                    ceara,corinto nicaragua,,
  27/03/1912,,,,,,,,,
  27/03/1912,,,-1.8,-44.8,        corinto nicaragua,                    ceara,corinto nicaragua,,
  28/03/1912,,,,,,,,,
  28/03/1912,,,-1.8,-44.8,        corinto nicaragua,                    ceara,corinto nicaragua,,
   29/3/1912,,,,,,,,,
   29/3/1912,,,-1.8,-44.8,        corinto nicaragua,                    ceara,corinto nicaragua,,
  30/03/1912,,,,,,,,,
  30/03/1912,,,-1.8,-44.8,        corinto nicaragua,                    ceara,corinto nicaragua,,
  31/03/1912,,,,,,,,,
  31/03/1912,,,-1.8,-44.8,        corinto nicaragua,                    ceara,corinto nicaragua,,
  01/04/1912,,,,,,,,,
  01/04/1912,,,-1.8,-44.8,        corinto nicaragua,                    ceara,corinto nicaragua,,
  02/04/1912,,,,,,,,,
  02/04/1912,,,-1.8,-44.8,        corinto nicaragua,                    ceara,corinto nicaragua,,
  03/04/1912,,,,,,,,,
  03/04/1912,   12 17 N,   87 05 W,-1.8,-44.8,        corinto nicaragua,                    ceara,corinto nicaragua,,
  04/04/1912,,,,,,,,,
  04/04/1912,,,30.5,117.1,at sea making passage from corinto nicaragua to and at anchored at san,                   anking,corinto nicaragua,,
  05/04/1912,,,,,,,,,
  05/04/1912,   10 44 N,   85 89 W,37.4,25.3,san juan del sur nicaragua,                    delos,san juan del sur,,
  06/04/1912,,,,,,,,,
  06/04/1912,,,-53.1,-70.9,    puntarenas costa rica,             punta arenas,puntarenas,9 58N,84 50W
  07/04/1912,,,,,,,,,
  07/04/1912,   09 50 N,   84 47 W,-53.1,-70.9,    puntarenas costa rica,             punta arenas,puntarenas,,
  08/04/1912,,,,,,,,,
  08/04/1912,   07 26 N,   82 06 W,,,,,,,
  09/04/1912,,,,,,,,,
  09/04/1912,   08 27 N,   79 35 W,,,,,,,
  10/04/1912,,,,,,,,,
  10/04/1912,,,9,-79.5,at anchor in the harbor of panama r of p,                   panama,panama city,,
  11/04/1912,,,,,,,,,
  11/04/1912,,,9,-79.5,at anchor in the harbor of panama r of p,                   panama,panama city,,
  12/04/1912,,,,,,,,,
  12/04/1912,,,9,-79.5,at anchor in the harbor of panama r of p,                   panama,panama city,,
  13/04/1912,,,,,,,,,
  13/04/1912,,,9,-79.5,at anchor in the harbor of panama r of p,                   panama,panama city,,
  14/04/1912,,,,,,,,,
  14/04/1912,,,9,-79.5,at anchor in the harbor of panama r of p,                   panama,panama city,,
  15/04/1912,,,,,,,,,
  15/04/1912,,,9,-79.5,at anchor in the harbor of panama r of p,                   panama,panama city,,
  16/04/1912,,,,,,,,,
  16/04/1912,,,9,-79.5,at anchor in the harbor of panama r of p,                   panama,panama city,,
  17/04/1912,,,,,,,,,
  17/04/1912,,,9,-79.5,at anchor in the harbor of panama r of p,                   panama,panama city,,
  18/04/1912,,,,,,,,,
  18/04/1912,,,9,-79.5,moored in the harbor of panama r of p,                   panama,panama city,,
  19/04/1912,,,,,,,,,
  19/04/1912,,,9,-79.5,moored in the harbor of panama r of p,                   panama,panama city,,
  20/04/1912,,,,,,,,,
  20/04/1912,,,9,-79.5,moored in the harbor of panama r of p,                   panama,panama city,,
  21/04/1912,,,,,,,,,
  21/04/1912,,,9,-79.5,moored in the harbor of panama r of p,                   panama,panama city,,
  22/04/1912,,,,,,,,,
  22/04/1912,,,9,-79.5,            panama r of p,                   panama,panama city,,
  23/04/1912,,,,,,,,,
  23/04/1912,,,9,-79.5,moored in the harbor of panama r of p,                   panama,panama city,,
  24/04/1912,,,,,,,,,
  24/04/1912,,,9,-79.5,moored in the harbor of panama r of p,                   panama,panama city,,
  25/04/1912,,,,,,,,,
  25/04/1912,,,9,-79.5,moored in the harbor of panama r of p,                   panama,panama city,,
  26/04/1912,,,,,,,,,
  26/04/1912,,,9,-79.5,moored in the harbor of panama r of p,                   panama,panama city,,
  27/04/1912,,,,,,,,,
  27/04/1912,,,9,-79.5,moored in the harbor of panama r of p,                   panama,panama city,,
  28/04/1912,,,,,,,,,
  28/04/1912,,,9,-79.5,moored in the harbor of panama r of p,                   panama,panama city,,
  29/04/1912,,,,,,,,,
  29/04/1912,     07 13,     80 18,,,,,,,
  30/04/1912,,,,,,,,,
  30/04/1912,     08 21,     83 00,,,,,,,
  01/05/1912,,,,,,,,,
  01/05/1912,   10 23 N,   85 05 W,-1.8,-44.8,        corinto nicaragua,                    ceara,north pacific,,
  02/05/1912,,,,,,,,,
  02/05/1912,,,-1.8,-44.8,at sea making passage from panama r of p to and arriving at corinto nic,                    ceara,corinto nicaragua,,
    3/5/1912,,,,,,,,,
    3/5/1912,,,-1.8,-44.8,        corinto nicaragua,                    ceara,corinto nicaragua,,
    4/5/1912,,,,,,,,,
    4/5/1912,,,-1.8,-44.8,        corinto nicaragua,                    ceara,corinto nicaragua,,
  05/05/1912,,,,,,,,,
  05/05/1912,,,-1.8,-44.8,        corinto nicaragua,                    ceara,corinto nicaragua,,
  06/05/1912,,,,,,,,,
  06/05/1912,,,-1.8,-44.8,        corinto nicaragua,                    ceara,corinto nicaragua,,
  07/05/1912,,,,,,,,,
  07/05/1912,,,-1.8,-44.8,        corinto nicaragua,                    ceara,corinto nicaragua,,
  08/05/1912,,,,,,,,,
  08/05/1912,,,-1.8,-44.8,        corinto nicaragua,                    ceara,corinto nicaragua,,
  09/05/1912,,,,,,,,,
  09/05/1912,,,-1.8,-44.8,        corinto nicaragua,                    ceara,corinto nicaragua,,
  10/05/1912,,,,,,,,,
  10/05/1912,,,-1.8,-44.8,        corinto nicaragua,                    ceara,corinto nicaragua,,
  11/05/1912,,,,,,,,,
  11/05/1912,,,-1.8,-44.8,        corinto nicaragua,                    ceara,corinto nicaragua,,
  12/05/1912,,,,,,,,,
  12/05/1912,,,-1.8,-44.8,        corinto nicaragua,                    ceara,corinto nicaragua,,
  13/05/1912,,,,,,,,,
  13/05/1912,,,-1.8,-44.8,        corinto nicaragua,                    ceara,corinto nicaragua,,
  14/05/1912,,,,,,,,,
  14/05/1912,,,-1.8,-44.8,        corinto nicaragua,                    ceara,corinto nicaragua,,
  15/05/1912,,,,,,,,,
  15/05/1912,,,-1.8,-44.8,        corinto nicaragua,                    ceara,corinto nicaragua,,
  16/05/1912,,,,,,,,,
  16/05/1912,,,-1.8,-44.8,        corinto nicaragua,                    ceara,corinto nicaragua,,
  17/05/1912,,,,,,,,,
  17/05/1912,,,-1.8,-44.8,        corinto nicaragua,                    ceara,corinto nicaragua,,
  18/05/1912,,,,,,,,,
  18/05/1912,,,-1.8,-44.8,        corinto nicaragua,                    ceara,corinto nicaragua,,
  19/05/1912,,,,,,,,,
  19/05/1912,,,-1.8,-44.8,        corinto nicaragua,                    ceara,corinto nicaragua,,
  20/05/1912,,,,,,,,,
  20/05/1912,,,-1.8,-44.8,        corinto nicaragua,                    ceara,corinto nicaragua,,
  21/05/1912,,,,,,,,,
  21/05/1912,,,-1.8,-44.8,        corinto nicaragua,                    ceara,corinto nicaragua,,
  22/05/1912,,,,,,,,,
  22/05/1912,,,-1.8,-44.8,        corinto nicaragua,                    ceara,corinto nicaragua,,
  23/05/1912,,,,,,,,,
  23/05/1912,,,-1.8,-44.8,        corinto nicaragua,                    ceara,corinto nicaragua,,
  24/05/1912,,,,,,,,,
  24/05/1912,,,-1.8,-44.8,        corinto nicaragua,                    ceara,corinto nicaragua,,
  25/05/1912,,,,,,,,,
  25/05/1912,,,-1.8,-44.8,        corinto nicaragua,                    ceara,corinto nicaragua,,
  26/05/1912,,,,,,,,,
  26/05/1912,,,-1.8,-44.8,        corinto nicaragua,                    ceara,corinto nicaragua,,
  27/05/1912,,,,,,,,,
  27/05/1912,,,-1.8,-44.8,        corinto nicaragua,                    ceara,corinto nicaragua,,
  28/05/1912,,,,,,,,,
  28/05/1912,,,-1.8,-44.8,        corinto nicaragua,                    ceara,corinto nicaragua,,
  29/05/1912,,,,,,,,,
  29/05/1912,,,-1.8,-44.8,        corinto nicaragua,                    ceara,corinto nicaragua,,
  30/05/1912,,,,,,,,,
  30/05/1912,,,-1.8,-44.8,        corinto nicaragua,                    ceara,corinto nicaragua,,
  31/05/1912,,,,,,,,,
  31/05/1912,,,-1.8,-44.8,        corinto nicaragua,                    ceara,corinto nicaragua,,
  01/06/1912,,,,,,,,,
  01/06/1912,,,-1.8,-44.8,        corinto nicaragua,                    ceara,corinto nicaragua,,
  02/06/1912,,,,,,,,,
  02/06/1912,,,-1.8,-44.8,        corinto nicaragua,                    ceara,corinto nicaragua,,
  03/06/1912,,,,,,,,,
  03/06/1912,,,-1.8,-44.8,        corinto nicaragua,                    ceara,corinto nicaragua,,
  04/06/1912,,,,,,,,,
  04/06/1912,,,-1.8,-44.8,        corinto nicaragua,                    ceara,corinto nicaragua,,
  05/06/1912,,,,,,,,,
  05/06/1912,,,-1.8,-44.8,        corinto nicaragua,                    ceara,corinto nicaragua,,
  06/06/1912,,,,,,,,,
  06/06/1912,,,-1.8,-44.8,        corinto nicaragua,                    ceara,corinto nicaragua,,
  07/06/1912,,,,,,,,,
  07/06/1912,,,-1.8,-44.8,        corinto nicaragua,                    ceara,corinto nicaragua,,
  08/06/1912,,,,,,,,,
  08/06/1912,,,-1.8,-44.8,        corinto nicaragua,                    ceara,corinto nicaragua,,
  09/06/1912,,,,,,,,,
  09/06/1912,,,-1.8,-44.8,        corinto nicaragua,                    ceara,corinto nicaragua,,
  10/06/1912,,,,,,,,,
  10/06/1912,,,-1.8,-44.8,        corinto nicaragua,                    ceara,corinto nicaragua,,
  11/06/1912,,,,,,,,,
  11/06/1912,,,-1.8,-44.8,        corinto nicaragua,                    ceara,corinto nicaragua,,
  12/06/1912,,,,,,,,,
  12/06/1912,,,-1.8,-44.8,        corinto nicaragua,                    ceara,corinto nicaragua,,
  13/06/1912,,,,,,,,,
  13/06/1912,,,-1.8,-44.8,        corinto nicaragua,                    ceara,corinto nicaragua,,
  14/06/1912,,,,,,,,,
  14/06/1912,     13 01,     88 56,,,,,,,
  15/06/1912,,,,,,,,,
  15/06/1912,     14 07,     92 19,,,,,,,
  16/06/1912,,,,,,,,,
  16/06/1912,     15 23,     95 54,,,,,,,
  17/06/1912,,,,,,,,,
  17/06/1912,     16 20,     99 16,,,,,,,
  18/06/1912,,,,,,,,,
  18/06/1912,     18 07,    103 39,,,,,,,
  19/06/1912,,,,,,,,,
  19/06/1912,     20 37,    106 59,,,,,,,
  20/06/1912,,,,,,,,,
  20/06/1912,     22 41,    109 33,,,,,,,
  21/06/1912,,,,,,,,,
  21/06/1912,     25 00,    112 42,,,,,,,
  22/06/1912,,,,,,,,,
  22/06/1912,     27 25,    114 57,,,,,,,
  23/06/1912,,,,,,,,,
  23/06/1912,     29 59,    116 10,,,,,,,
  24/06/1912,,,,,,,,,
  24/06/1912,     32 26,    117 12,,,,,,,
  25/06/1912,,,,,,,,,
  25/06/1912,,,32.7,-117.2,moored to coal dock and at anchor in the harbor of san diego california,            san diego usa,,,
  26/06/1912,,,,,,,,,
  26/06/1912,,,32.7,-117.2,anchored and holding elementary target practice off los,            san diego usa,coronado islands,32 25N,117 15W
  27/06/1912,,,35.7,-0.6,         los coronado isl,                     oran,coronado islands,,
  27/06/1912,,,31.5,118.3,at anchor off los coronado island california,              wade island,coronado islands,,
   28/6/1912,,,,,28061912,,,,
   28/6/1912,,,32.7,-117.2,     san diego california,            san diego usa,,,
   29/6/1912,,,,,,,,,
   29/6/1912,,,32.7,-117.2,     san diego california,            san diego usa,,,
  30/06/1912,,,,,,,,,
  30/06/1912,,,32.7,-117.2,     san diego california,            san diego usa,,,
    1/7/1912,,,,,,,,,
    1/7/1912,,,32.7,-117.2,     san diego california,            san diego usa,,,
  02/07/1912,,,,,,,,,
  02/07/1912,,,32.7,-117.2,     san diego california,            san diego usa,,,
  03/07/1912,,,,,,,,,
  03/07/1912,,,32.7,-117.2,     san diego california,            san diego usa,,,
  04/07/1912,,,,,,,,,
  04/07/1912,   33 34 N,  118 20 W,32.7,-117.2,     san diego california,            san diego usa,north pacific,,
  05/07/1912,,,,,,,,,
  05/07/1912,   34 34 N,  120 45 W,,,,,,,
  06/07/1912,,,,,,,,,
  06/07/1912,   36 56 N,  122 23 W,,,,,,,
  07/07/1912,,,,,,,,,
  07/07/1912,,,38.1,-122.3,moored to buoy 3 mare island california,              mare island,,,
  08/07/1912,,,,,,,,,
  08/07/1912,,,38.1,-122.3,moored to buoy 3 at mare island california,              mare island,,,
  09/07/1912,,,,,,,,,
  09/07/1912,,,38.1,-122.3,moored to seawall at navy yard mare island california,              mare island,,,
  10/07/1912,,,,,,,,,
  10/07/1912,,,38.1,-122.3,moored alongside seawall at navy yard mare island california,              mare island,,,
  11/07/1912,,,,,,,,,
  11/07/1912,,,38.1,-122.3,moored alongside seawall at navy yard mare island california,              mare island,,,
  12/07/1912,,,,,,,,,
  12/07/1912,,,38.1,-122.3,in dry dock 1 mare island navy yard,              mare island,,,
  13/07/1912,,,,,,,,,
  13/07/1912,,,38.1,-122.3,   mare island california,              mare island,,,
  14/07/1912,,,,,,,,,
  14/07/1912,,,38.1,-122.3,   mare island california,              mare island,,,
  15/07/1912,,,,,,,,,
  15/07/1912,,,38.1,-122.3,in dry dock 1 at navy yard mare island california,              mare island,,,
  16/07/1912,,,,,,,,,
  16/07/1912,,,38.1,-122.3,in dry dock 1 at navy yard mare island california,              mare island,,,
  17/07/1912,,,,,,,,,
  17/07/1912,,,38.1,-122.3,   mare island california,              mare island,,,
  18/07/1912,,,,,,,,,
  18/07/1912,,,38.1,-122.3,in dry dock mare island navy yard,              mare island,,,
  19/07/1912,,,,,,,,,
  19/07/1912,,,38.1,-122.3,   mare island california,              mare island,,,
  20/07/1912,,,,,,,,,
  20/07/1912,,,38.1,-122.3,in dry dock n1 mare island navy yard california,              mare island,,,
  21/07/1912,,,,,,,,,
  21/07/1912,,,38.1,-122.3,in dry dock n1 mare island navy yard california,              mare island,,,
  22/07/1912,,,,,,,,,
  22/07/1912,,,38.1,-122.3,moored to seawall mare island cal,              mare island,,,
  23/07/1912,,,,,,,,,
  23/07/1912,,,38.1,-122.3,moored to seawall mare island cal,              mare island,,,
  24/07/1912,,,,,,,,,
  24/07/1912,,,38.1,-122.3,moored to seawall navy yard mare island california,              mare island,,,
  25/07/1912,,,,,,,,,
  25/07/1912,,,38.1,-122.3,moored to seawall navy yard mare island california,              mare island,,,
  26/07/1912,,,,,,,,,
  26/07/1912,,,38.1,-122.3,moored to seawall navy yard mare island california,              mare island,,,
  27/07/1912,,,,,,,,,
  27/07/1912,,,38.1,-122.3,moored to seawall navy yard mare island california,              mare island,,,
  28/07/1912,,,,,,,,,
  28/07/1912,,,38.1,-122.3,moored to seawall navy yard mare island california,              mare island,,,
  29/07/1912,,,,,,,,,
  29/07/1912,,,38.1,-122.3,moored to seawall navy yard mare island california,              mare island,,,
  30/07/1912,,,,,,,,,
  30/07/1912,,,38.1,-122.3,moored to seawall navy yard mare island california,              mare island,,,
  31/07/1912,,,,,,,,,
  31/07/1912,,,38.1,-122.3,   mare island california,              mare island,,,
  01/08/1912,,,,,,,,,
  01/08/1912,,,38.1,-122.3,moored to seawall navy yard mare island california,              mare island,,,
  02/08/1912,,,,,,,,,
  02/08/1912,,,38.1,-122.3,moored to seawall navy yard mare island california,              mare island,,,
  03/08/1912,,,,,,,,,
  03/08/1912,,,38.1,-122.3,moored to seawall navy yard mare island california,              mare island,,,
  04/08/1912,,,,,,,,,
  04/08/1912,,,38.1,-122.3,moored to seawall navy yard mare island california,              mare island,,,
  05/08/1912,,,,,,,,,
  05/08/1912,,,38.1,-122.3,moored to seawall navy yard mare island california,              mare island,,,
  06/08/1912,,,,,,,,,
  06/08/1912,,,38.1,-122.3,moored to seawall navy yard mare island california,              mare island,,,
  07/08/1912,,,,,,,,,
  07/08/1912,,,38.1,-122.3,moored to seawall navy yard mare island california,              mare island,,,
  08/08/1912,,,,,,,,,
  08/08/1912,,,38.1,-122.3,moored to seawall navy yard mare island california,              mare island,,,
  09/08/1912,,,,,,,,,
  09/08/1912,,,38.1,-122.3,moored to seawall navy yard mare island california,              mare island,,,
  10/08/1912,,,,,,,,,
  10/08/1912,,,38.1,-122.3,moored to seawall navy yard mare island california,              mare island,,,
  11/08/1912,,,,,,,,,
  11/08/1912,,,38.1,-122.3,moored to seawall navy yard mare island california,              mare island,,,
  12/08/1912,,,,,,,,,
  12/08/1912,,,38.1,-122.3,moored to seawall navy yard mare island california,              mare island,,,
  13/08/1912,,,,,,,,,
  13/08/1912,,,38.1,-122.3,moored to seawall navy yard mare island california,              mare island,,,
  14/08/1912,,,,,,,,,
  14/08/1912,,,38.1,-122.3,moored to seawall navy yard mare island california,              mare island,,,
  15/08/1912,,,,,,,,,
  15/08/1912,,,38.1,-122.3,moored to seawall navy yard mare island california,              mare island,,,
  16/08/1912,,,,,,,,,
  16/08/1912,,,38.1,-122.3,moored to seawall at navy yard mare island california,              mare island,,,
  17/08/1912,,,,,,,,,
  17/08/1912,,,38.1,-122.3,moored to seawall navy yard mare island california,              mare island,,,
  18/08/1912,,,,,,,,,
  18/08/1912,,,,,at sea making passage from mare island to san diego cal,,,,
  19/08/1912,,,,,,,,,
  19/08/1912,,,38.1,-122.3,at sea making passage from mare island to san diego calif,              mare island,,,
  20/08/1912,,,,,,,,,
  20/08/1912,,,,,at sea making passage from mare island calif to san diego calif,,,,
  21/08/1912,,,,,,,,,
  21/08/1912,,,32.7,-117.2,     san diego california,            san diego usa,,,
  22/08/1912,,,,,,,,,
  22/08/1912,   30 24 N,  116 41 W,,,,,,,
  23/08/1912,,,,,,,,,
  23/08/1912,   27 20 N,  114 54 W,,,,,,,
  24/08/1912,,,,,,,,,
  24/08/1912,   25 07 N,  112 33 W,,,,,,,
  25/08/1912,,,,,,,,,
  25/08/1912,   23 31 N,  110 59 W,,,,,,,
  26/08/1912,,,,,,,,,
  26/08/1912,   24 39 N,  109 27 W,,,,,,,
  27/08/1912,,,,,,,,,
  27/08/1912,   26 42 N,  110 28 W,,,,,,,
  28/08/1912,,,,,,,,,
  28/08/1912,,,13.4,144.7,at anchor off guaymas mexico,                     guam,guaymas,27 55 06N,110 53 56W
  29/08/1912,,,,,,,,,
  29/08/1912,,,,,,,,,
  30/08/1912,,,,,,,,,
  30/08/1912,,,13.4,144.7,           guaymas mexico,                     guam,guaymas,,
  31/08/1912,,,,,,,,,
  31/08/1912,,,,,,,,,
  31/08/1912,,,,,,,,,
  31/08/1912,,,,,,,,,
  31/08/1912,,,,,,,,,
  31/08/1912,,,,,,,,,
  31/08/1912,,,,,,,,,
  31/08/1912,,,,,,,,,
  31/08/1912,,,,,,,,,
  31/08/1912,,,,,,,,,
  31/08/1912,,,,,,,,,
  31/08/1912,,,,,,,,,
  31/08/1912,,,,,,,,,
  31/08/1912,,,,,,,,,
  31/08/1912,,,,,,,,,
  31/08/1912,,,,,,,,,
  31/08/1912,,,,,,,,,
  31/08/1912,,,13.4,144.7,           guaymas mexico,                     guam,guaymas,,
  01/09/1912,,,,,,,,,
  01/09/1912,,,13.4,144.7,           guaymas mexico,                     guam,guaymas,,
  02/09/1912,,,,,,,,,
  02/09/1912,,,13.4,144.7,           guaymas mexico,                     guam,guaymas,,
  03/09/1912,,,,,,,,,
  03/09/1912,,,13.4,144.7,           guaymas mexico,                     guam,guaymas,,
  04/09/1912,,,,,,,,,
  04/09/1912,,,13.4,144.7,           guaymas mexico,                     guam,guaymas,,
  05/09/1912,,,,,,,,,
  05/09/1912,,,13.4,144.7,           guaymas mexico,                     guam,guaymas,,
  06/09/1912,,,,,,,,,
  06/09/1912,,,13.4,144.7,           guaymas mexico,                     guam,guaymas,,
  07/09/1912,,,,,,,,,
  07/09/1912,,,13.4,144.7,           guaymas mexico,                     guam,guaymas,,
  08/09/1912,,,,,,,,,
  08/09/1912,,,13.4,144.7,at anchor in harbor of guaymas mexico,                     guam,guaymas,,
  09/09/1912,,,,,,,,,
  09/09/1912,,,13.4,144.7,           guaymas mexico,                     guam,guaymas,,
  10/09/1912,,,,,,,,,
  10/09/1912,,,13.4,144.7,           guaymas mexico,                     guam,guaymas,,
  11/09/1912,,,,,,,,,
  11/09/1912,,,13.4,144.7,           guaymas mexico,                     guam,guaymas,,
  12/09/1912,,,,,,,,,
  12/09/1912,,,13.4,144.7,           guaymas mexico,                     guam,guaymas,,
  13/09/1912,,,,,,,,,
  13/09/1912,,,13.4,144.7,           guaymas mexico,                     guam,guaymas,,
  14/09/1912,,,,,,,,,
  14/09/1912,,,13.4,144.7,           guaymas mexico,                     guam,guaymas,,
  15/09/1912,,,,,,,,,
  15/09/1912,,,13.4,144.7,           guaymas mexico,                     guam,guaymas,,
  16/09/1912,,,,,,,,,
  16/09/1912,,,13.4,144.7,           guaymas mexico,                     guam,guaymas,,
  17/09/1912,,,,,,,,,
  17/09/1912,,,13.4,144.7,           guaymas mexico,                     guam,guaymas,,
  18/09/1912,,,,,,,,,
  18/09/1912,,,13.4,144.7,           guaymas mexico,                     guam,guaymas,,
  19/09/1912,,,,,,,,,
  19/09/1912,,,13.4,144.7,           guaymas mexico,                     guam,guaymas,,
  20/09/1912,,,,,,,,,
  20/09/1912,,,13.4,144.7,           guaymas mexico,                     guam,guaymas,,
  21/09/1912,,,,,,,,,
  21/09/1912,,,13.4,144.7,           guaymas mexico,                     guam,guaymas,,
  22/09/1912,,,,,,,,,
  22/09/1912,,,13.4,144.7,           guaymas mexico,                     guam,guaymas,,
  23/09/1912,,,,,,,,,
  23/09/1912,,,13.4,144.7,           guaymas mexico,                     guam,guaymas,,
  24/09/1912,,,,,,,,,
  24/09/1912,,,13.4,144.7,           guaymas mexico,                     guam,guaymas,,
  25/09/1912,,,,,,,,,
  25/09/1912,,,13.4,144.7,           guaymas mexico,                     guam,guaymas,,
  26/09/1912,,,,,,,,,
  26/09/1912,,,13.4,144.7,           guaymas mexico,                     guam,guaymas,,
  27/09/1912,,,,,,,,,
  27/09/1912,,,13.4,144.7,           guaymas mexico,                     guam,guaymas,,
  28/09/1912,,,,,,,,,
  28/09/1912,,,13.4,144.7,           guaymas mexico,                     guam,guaymas,,
  29/09/1912,,,,,,,,,
  29/09/1912,,,13.4,144.7,           guaymas mexico,                     guam,guaymas,,
  30/09/1912,,,,,,,,,
  30/09/1912,,,13.4,144.7,           guaymas mexico,                     guam,guaymas,,
  01/10/1912,,,,,,,,,
  01/10/1912,,,13.4,144.7,           guaymas mexico,                     guam,guaymas,,
  02/10/1912,,,,,,,,,
  02/10/1912,,,13.4,144.7,           guaymas mexico,                     guam,guaymas,,
  03/10/1912,,,,,,,,,
  03/10/1912,,,13.4,144.7,           guaymas mexico,                     guam,guaymas,,
  04/10/1912,,,,,,,,,
  04/10/1912,,,13.4,144.7,           guaymas mexico,                     guam,guaymas,,
  05/10/1912,,,,,,,,,
  05/10/1912,,,13.4,144.7,           guaymas mexico,                     guam,guaymas,,
  06/10/1912,,,,,,,,,
  06/10/1912,,,13.4,144.7,           guaymas mexico,                     guam,guaymas,,
   7/10/1912,,,,,,,,,
   7/10/1912,,,13.4,144.7,           guaymas mexico,                     guam,guaymas,,
  08/10/1912,,,,,,,,,
  08/10/1912,,,13.4,144.7,           guaymas mexico,                     guam,guaymas,,
  09/10/1912,,,,,,,,,
  09/10/1912,,,13.4,144.7,           guaymas mexico,                     guam,guaymas,,
  10/10/1912,,,,,,,,,
  10/10/1912,,,13.4,144.7,at anchor in harbor of guaymas mexico,                     guam,guaymas,,
  11/10/1912,,,,,,,,,
  11/10/1912,,,13.4,144.7,           guaymas mexico,                     guam,guaymas,,
  12/10/1912,,,,,,,,,
  12/10/1912,,,13.4,144.7,           guaymas mexico,                     guam,guaymas,,
  13/10/1912,,,,,,,,,
  13/10/1912,,,13.4,144.7,           guaymas mexico,                     guam,guaymas,,
  14/10/1912,,,,,,,,,
  14/10/1912,,,13.4,144.7,           guaymas mexico,                     guam,guaymas,,
  15/10/1912,,,,,,,,,
  15/10/1912,,,13.4,144.7,           guaymas mexico,                     guam,guaymas,,
  16/10/1912,,,,,,,,,
  16/10/1912,,,13.4,144.7,           guaymas mexico,                     guam,guaymas,,
  17/10/1912,,,,,,,,,
  17/10/1912,,,13.4,144.7,           guaymas mexico,                     guam,guaymas,,
  18/10/1912,,,,,,,,,
  18/10/1912,,,13.4,144.7,           guaymas mexico,                     guam,guaymas,,
  19/10/1912,,,,,,,,,
  19/10/1912,,,13.4,144.7,           guaymas mexico,                     guam,guaymas,,
  20/10/1912,,,,,,,,,
  20/10/1912,,,13.4,144.7,           guaymas mexico,                     guam,guaymas,,
  21/10/1912,,,,,,,,,
  21/10/1912,,,13.4,144.7,           guaymas mexico,                     guam,guaymas,,
  22/10/1912,,,,,,,,,
  22/10/1912,,,13.4,144.7,           guaymas mexico,                     guam,guaymas,,
  23/10/1912,,,,,,,,,
  23/10/1912,,,13.4,144.7,           guaymas mexico,                     guam,guaymas,,
  24/10/1912,,,,,,,,,
  24/10/1912,,,13.4,144.7,           guaymas mexico,                     guam,guaymas,,
  25/10/1912,,,,,,,,,
  25/10/1912,,,13.4,144.7,           guaymas mexico,                     guam,guaymas,,
  26/10/1912,,,,,,,,,
  26/10/1912,,,13.4,144.7,at anchor in harbor of guaymas mexico,                     guam,guaymas,,
  27/10/1912,,,,,,,,,
  27/10/1912,   26 55 N,  110 35 W,13.4,144.7,at anchor in harbor guaymas mexico,                     guam,gulf of california,28 0N,112 0W
  28/10/1912,,,,,,,,,
  28/10/1912,   24 43 N,  109 50 W,32.7,-117.2,at sea making passage from guaymas mexico to san diego calif,            san diego usa,gulf of california,,
  29/10/1912,,,,,,,,,
  29/10/1912,   23 56 N,  110 18 W,,,,,,,
  30/10/1912,,,,,,,,,
  30/10/1912,   24 24 N,  112 22 W,,,,,,,
  31/10/1912,,,,,,,,,
  31/10/1912,   27 01 N,  114 20 W,,,,,,,
  01/11/1912,,,,,,,,,
  01/11/1912,   29 20 N,  115 50 W,,,,,,,
  02/11/1912,,,,,,,,,
  02/11/1912,,,32.7,-117.2,at sea making passage from guaymas mex to san diego calif,            san diego usa,,,
  03/11/1912,,,,,,,,,
  03/11/1912,,,32.7,-117.2,at anchor in the harbor of san diego california,            san diego usa,,,
  04/11/1912,,,,,,,,,
  04/11/1912,,,32.7,-117.2,at anchor in the harbor of san diego california,            san diego usa,,,
  05/11/1912,,,,,,,,,
  05/11/1912,,,32.7,-117.2,at anchor in the harbor of san diego california,            san diego usa,,,
  06/11/1912,,,,,,,,,
  06/11/1912,,,32.7,-117.2,at anchor in the harbor of san diego california,            san diego usa,,,
  07/11/1912,,,,,,,,,
  07/11/1912,   33 07 N,  117 40 W,,,,,,,
  08/11/1912,,,,,,,,,
  08/11/1912,   34 23 N,  119 52 W,,,at sea making passage from san diego calif to mare island calif,,,,
  09/11/1912,,,,,,,,,
  09/11/1912,,,30.5,47.9,at anchor in the harbor of santa barbara california,                    basra,santa barbara california,34 25 33N,119 42 51W
  10/11/1912,,,,,,,,,
  10/11/1912,,,30.5,47.9,at anchor in the harbor of santa barbara california,                    basra,santa barbara california,,
  10/11/1912,,,,,,,,,
  10/11/1912,,,30.5,47.9,at anchor in the harbor of santa barbara california,                    basra,santa barbara california,,
  11/11/1912,,,,,,,,,
  11/11/1912,,,30.5,47.9,at anchor in the harbor of santa barbara california,                    basra,santa barbara california,,
  11/11/1912,,,,,,,,,
  11/11/1912,,,30.5,47.9,at anchor in the harbor of santa barbara california,                    basra,santa barbara california,,
  12/11/1912,,,,,,,,,
  12/11/1912,   35 23 N,  121 03 W,,,,,,,
  13/11/1912,,,,,,,,,
  13/11/1912,   36 47 N,  127 32 W,,,,,,,
  14/11/1912,,,,,,,,,
  14/11/1912,,,38.1,-122.3,   mare island california,              mare island,,,
  15/11/1912,,,,,,,,,
  15/11/1912,,,38.1,-122.3,   mare island california,              mare island,,,
  16/11/1912,,,,,,,,,
  16/11/1912,,,38.1,-122.3,   mare island california,              mare island,,,
  17/11/1912,,,,,,,,,
  17/11/1912,,,38.1,-122.3,   mare island california,              mare island,,,
  18/11/1912,,,,,,,,,
  18/11/1912,,,38.1,-122.3,   mare island california,              mare island,,,
  19/11/1912,,,,,,,,,
  19/11/1912,,,38.1,-122.3,in dry dock n2 mare island calif,              mare island,,,
  20/11/1912,,,,,,,,,
  20/11/1912,,,38.1,-122.3,in dry dock n2 navy yard mare island calif,              mare island,,,
  21/11/1912,,,,,,,,,
  21/11/1912,,,38.1,-122.3,in dry dock n2 navy yard mare island calif,              mare island,,,
  22/11/1912,,,,,,,,,
  22/11/1912,,,38.1,-122.3,in dry dock n2 navy yard mare island calif,              mare island,,,
  23/11/1912,,,,,,,,,
  23/11/1912,,,38.1,-122.3,in dry dock n2 navy yard mare island calif,              mare island,,,
  24/11/1912,,,,,,,,,
  24/11/1912,,,38.1,-122.3,moored to buoy n2 mare island calif,              mare island,,,
  25/11/1912,,,,,,,,,
  25/11/1912,,,38.1,-122.3,moored to buoy n2 navy yard mare island calif,              mare island,,,
  26/11/1912,,,,,,,,,
  26/11/1912,,,38.1,-122.3,moored to seawall navy yard mare island california,              mare island,,,
  27/11/1912,,,,,,,,,
  27/11/1912,,,38.1,-122.3,moored to seawall navy yard mare island california,              mare island,,,
  28/11/1912,,,,,,,,,
  28/11/1912,,,38.1,-122.3,moored to seawall navy yard mare island california,              mare island,,,
  29/11/1912,,,,,,,,,
  29/11/1912,,,38.1,-122.3,moored to seawall navy yard mare island california,              mare island,,,
  30/11/1912,,,,,,,,,
  30/11/1912,,,38.1,-122.3,moored to seawall navy yard mare island california,              mare island,,,
  01/12/1912,,,,,,,,,
  01/12/1912,,,38.1,-122.3,moored to seawall navy yard mare island california,              mare island,,,
  02/12/1912,,,,,,,,,
  02/12/1912,,,38.1,-122.3,moored to seawall navy yard mare island california,              mare island,,,
  03/12/1912,,,,,,,,,
  03/12/1912,,,38.1,-122.3,moored to seawall navy yard mare island california,              mare island,,,
  04/12/1912,,,,,,,,,
  04/12/1912,,,38.1,-122.3,moored to seawall navy yard mare island california,              mare island,,,
  05/12/1912,,,,,,,,,
  05/12/1912,,,38.1,-122.3,moored to seawall navy yard mare island california,              mare island,,,
  06/12/1912,,,,,,,,,
  06/12/1912,,,38.1,-122.3,moored to seawall navy yard mare island california,              mare island,,,
  07/12/1912,,,,,,,,,
  07/12/1912,,,38.1,-122.3,moored to seawall navy yard mare island california,              mare island,,,
  08/12/1912,,,,,,,,,
  08/12/1912,,,38.1,-122.3,moored to seawall navy yard mare island california,              mare island,,,
  09/12/1912,,,,,,,,,
  09/12/1912,,,38.1,-122.3,moored to seawall navy yard mare island california,              mare island,,,
  10/12/1912,,,,,,,,,
  10/12/1912,,,38.1,-122.3,moored to seawall navy yard mare island calif,              mare island,,,
  11/12/1912,,,,,,,,,
  11/12/1912,,,38.1,-122.3,moored to seawall navy yard mare island calif,              mare island,,,
  12/12/1912,,,,,,,,,
  12/12/1912,,,38.1,-122.3,moored to seawall navy yard mare island calif,              mare island,,,
  13/12/1912,,,,,,,,,
  13/12/1912,,,38.1,-122.3,   mare island california,              mare island,,,
  14/12/1912,,,,,,,,,
  14/12/1912,,,38.1,-122.3,moored to seawall navy yard mare island calif,              mare island,,,
  15/12/1912,,,,,,,,,
  15/12/1912,,,38.1,-122.3,moored to seawall navy yard mare island california,              mare island,,,
  16/12/1912,,,,,,,,,
  16/12/1912,,,38.1,-122.3,moored to seawall navy yard mare island california,              mare island,,,
  17/12/1912,,,,,,,,,
  17/12/1912,,,38.1,-122.3,moored to seawall navy yard mare island california,              mare island,,,
  18/12/1912,,,,,,,,,
  18/12/1912,,,38.1,-122.3,moored to seawall navy yard mare island california,              mare island,,,
  19/12/1912,,,,,,,,,
  19/12/1912,,,38.1,-122.3,moored to seawall navy yard mare island california,              mare island,,,
  20/12/1912,,,,,,,,,
  20/12/1912,,,38.1,-122.3,moored to seawall navy yard mare island california,              mare island,,,
  21/12/1912,,,,,,,,,
  21/12/1912,,,38.1,-122.3,moored to seawall navy yard mare island california,              mare island,,,
  22/12/1912,,,,,,,,,
  22/12/1912,,,38.1,-122.3,moored alongside seawall at navy yard mare island california,              mare island,,,
  23/12/1912,,,,,,,,,
  23/12/1912,,,38.1,-122.3,moored to seawall navy yard mare island california,              mare island,,,
  24/12/1912,,,,,,,,,
  24/12/1912,,,38.1,-122.3,moored to seawall navy yard mare island california,              mare island,,,
  25/12/1912,,,,,,,,,
  25/12/1912,,,38.1,-122.3,moored to seawall navy yard mare island california,              mare island,,,
  26/12/1912,,,,,,,,,
  26/12/1912,,,38.1,-122.3,moored to usrc manning at mare island calif,              mare island,,,
  27/12/1912,,,,,,,,,
  27/12/1912,,,38.1,-122.3,   mare island california,              mare island,,,
  28/12/1912,,,,,,,,,
  28/12/1912,,,38.1,-122.3,moored to usrc manning at mare island calif,              mare island,,,
  29/12/1912,,,,,,,,,
  29/12/1912,,,38.1,-122.3,moored to usrc manning at mare island calif,              mare island,,,
  30/12/1912,,,,,,,,,
  30/12/1912,,,38.1,-122.3,moored to usrc manning at mare island calif,              mare island,,,
  31/12/1912,,,,,,,,,
  31/12/1912,,,38.1,-122.3,moored to usrc manning navy yard mare island cal,              mare island,,,
