          NA,        NA,        NA_2,        NA_3,        NA_4,                       NA,                       NA_2,h,i,j
,,,,,,,,,
,,,,,,,,,
,,,,,,,,,
,,,,,,,,,
,,,,,,,,,
,,,,,,,,,
,,,,,,,,,
,,,,,,,,,
,,,,,,,,,
,,,,,,,,,
,,,,,,,,,
,,,,,,,,,
,,,,,,,,,
,,,,,,,,,
,,,,,,,,,
  13/03/1886,   14 42 N,   61 19 W,17.3,-62.7,                   400 am,      basseterre st kitts,martinique,14 40N,0001-01-01
  13/03/1886,,,14.7,-61,     st pierre martinique,               martinique,,,
  13/03/1886,,,14.7,-61, st pierre martinique w j,               martinique,,,
  14/03/1886,,,,,,,,,
  14/03/1886,,,14.7,-61,mt anchor off st pierro martinique wi,               martinique,,,
  15/03/1886,,,,,,,,,
  15/03/1886,,,14.7,-61,at anchor off st pierr martinique we,               martinique,,,
   16/3/1886,,,,,,,,,
   16/3/1886,,,,,,,,,
  17/03/1886,,,,,,,,,
  17/03/1886,,,,,,,,,
   18/3/1886,,,,,,,,,
   18/3/1886,,,14.7,-61,          martinique wash,               martinique,,,
   19/3/1886,,,,,,,,,
   19/3/1886,,,14.7,-61,          martinique wash,               martinique,,,
  20/03/1886,,,,,,,,,
  20/03/1886,,,14.7,-61,  st pierre martinique wi,               martinique,,,
   21/3/1886,,,,,,,,,
   21/3/1886,,,14.7,-61,cruising off the il of martinique wi,               martinique,,,
  22/03/1886,,,,,,,,,
  22/03/1886,,,,,,,,,
   23/3/1886,,,,,,,,,
   23/3/1886,,,14.7,-61,  st pierre martinique wi,               martinique,,,
  24/03/1886,,,,,,,,,
  24/03/1886,,,14.7,-61,     st pierre martinigue,               martinique,,,
25/ 03/ 1886,,,,,,,,,
25/ 03/ 1886,,,14.7,-61,  st pierre martinique wi,               martinique,,,
  26/03/1886,,,,,,,,,
  26/03/1886,,,14.7,-61,at anchor of st pierre martinique,               martinique,,,
   27/3/1886,,,,,,,,,
   27/3/1886,,,14.7,-61,     st pierre martinique,               martinique,,,
  03/28/1886,,,,,,,,,
12/3/1886,,,14.7,-61,            martinique wj,               martinique,,,
   3/29/1886,,,,,,,,,
   3/29/1886,,,14.7,-61,  st pierre martinique wi,               martinique,,,
   30/3/1886,,,,,,,,,
   30/3/1886,,,14.7,-61,  st pierre martinique wi,               martinique,,,
  03/31/1886,,,,,,,,,
  03/31/1886,,,14.7,-61,            martinique wj,               martinique,,,
    5/1/1886,,,,,,,,,
    5/1/1886,,,,,,,,,
  01/04/1886,,,,,,,,,
  01/04/1886,,,14.7,-61, st pierre martiinique wi,               martinique,,,
  02/04/1886,,,,,,,,,
  02/04/1886,,,14.7,-61,  st pierre martinique wi,               martinique,,,
  03/04/1886,,,,,,,,,
  03/04/1886,,,14.7,-61,at anchor off st pierre martinique w i,               martinique,,,
  04/04/1886,,,,,,,,,
  04/04/1886,      15 N,   61 26 W,14.7,-61,making passage from st pierre martinique to st thomas  i,               martinique,caribbean sea,15N,0002-06-10
  05/04/1886,,,,,,,,,
  05/04/1886,   16 36 N,   62 53 W,14.7,-61,making passage from st pierre martinique to st thomas w i,               martinique,caribbean sea,,
  06/04/1886,,,,,,,,,
  06/04/1886,   18 15 N,   64 55 W,,,,,,,
  07/04/1886,,,,,,,,,
  07/04/1886,  18 33481, 64 927139,13.2,-59.6,            st thomas w i,                st thomas,saint thomas usvi,18 20N,0002-01-21
  08/04/1886,,,,,,,,,
  08/04/1886,,,13.2,-59.6, anchor off st thomas w i,                st thomas,saint thomas usvi,,
  09/04/1886,,,,,,,,,
  09/04/1886,   18 40 N,   65 19 W,37,-76.3,making passage from st thomas wi to hampton roads,            hampton roads,caribbean sea,,
  10/04/1886,,,,,,,,,
  10/04/1886,   20 12 N,   65 57 W,37,-76.3,         hampton roads va,            hampton roads,north atlantic,,
  11/04/1886,,,,,,,,,
  11/04/1886,   22 37 N,   67 12 W,37,-59.6,            st thomas w i,                st thomas,north atlantic,,
  12/04/1886,,,,,,,,,
  12/04/1886,   24 55 N,   68 27 W,37,-76.3,            st thomas w i,                st thomas,north atlantic,,
  13/04/1886,,,,,,,,,
  13/04/1886,   27 35 N,   69 56 W,,,,,,,
  14/04/1856,,,,,,,,,
  14/04/1856,   28 20 N,   71 00 W,37,-76.3,st thomas wi to hampton roads va,            hampton roads,north atlantic,,
  15/04/1886,,,,,,,,,
  15/04/1886,   29 10 N,   71 33 W,,,,,,,
"Friday, April, 16th, 1886",,,,,,,,,
"Friday, April, 16th, 1886",   29 35 N,   72 16 W,37,-76.3,making passage from st thomas wi to hampton roads va,            hampton roads,north atlantic,,
  17/04/1886,,,,,,,,,
  17/04/1886,   30 00 N,   73 04 W,37,-76.3,making passage from st thomas wi to hampton roads,            hampton roads,north atlantic,,
  18/04/1886,,,,,,,,,
  18/04/1886,   31 44 N,   74 07 W,37,-76.3,making passage from st thomas wi to hampton roads,            hampton roads,north atlantic,,
  19/04/1886,,,,,,,,,
  19/04/1886,   33 23 N,   74 28 W,,,,,,,
  20/04/1886,,,,,,,,,
  20/04/1886,   35 03 N,   75 09 W,,,,,,,
  21/04/1886,,,,,,,,,
  21/04/1886,   36 05 N,   75 10 W,,,,,,,
  22/04/1886,,,,,,,,,
  22/04/1886,   36 53 N,   75 50 W,37,-76.3,           jmestown third,            hampton roads,chesapeake bay,36 59 45N,0001-08-27
  23/04/1886,,,,,,,,,
  23/04/1886,,,37,-76.3,at anchor in hampton roads va,            hampton roads,,,
  24/04/1886,,,,,,,,,
  24/04/1886,,,37,-76.3,            hampton roads,            hampton roads,,,
  25/04/1886,,,,,,,,,
  25/04/1886,,,37,-76.3,            hampton roads,            hampton roads,,,
  26/04/1886,,,,,,,,,
  26/04/1886,,,37,-76.3,         hampton roads va,            hampton roads,,,
  27/04/1886,,,,,,,,,
  27/04/1886,,,37,-76.3,         hampton roads va,            hampton roads,,,
  28/04/1886,,,,,,,,,
  28/04/1886,,,37,-76.3,            hampton roads,            hampton roads,,,
  29/04/1886,,,,,,,,,
  29/04/1886,,,37,-76.3,            hampton roads,            hampton roads,,,
  03/04/1886,,,,,,,,,
  03/04/1886,,,37,-76.3,         hampton roads va,            hampton roads,,,
  01/05/1886,,,,,,,,,
  01/05/1886,,,37,-76.3,         hampton roads va,            hampton roads,,,
  02/05/1886,,,,,,,,,
  02/05/1886,,,37,-76.3,         hampton roads va,            hampton roads,,,
  03/05/1886,,,,,,,,,
  03/05/1886,,,37,-76.3,at anchor hampton roads virginia usa,            hampton roads,,,
  04/05/1886,,,,,,,,,
  04/05/1886,,,37,-76.3,         hampton roads va,            hampton roads,,,
  05/05/1886,,,,,,,,,
  05/05/1886,,,37,-76.3,         hampton roads va,            hampton roads,,,
  06/05/1886,,,,,,,,,
  06/05/1886,,,37,-76.3,            hampton roads,            hampton roads,,,
  07/05/1886,,,,,,,,,
  07/05/1886,,,37,-76.3,            hampton roads,            hampton roads,,,
  08/05/1886,,,,,,,,,
  08/05/1886,,,37,-76.3,         hampton roads va,            hampton roads,,,
  09/05/1886,,,,,,,,,
  09/05/1886,,,,,,,,,
  10/05/1886,,,,,,,,,
  10/05/1886,,,,,,,,,
  10/05/1886,,,,,,,,,
  10/05/1886,,,,,,,,,
  10/05/1886,,,,,,,,,
  10/05/1886,,,,,,,,,
  10/05/1886,,,,,,,,,
  10/05/1886,,,,,,,,,
 may 12 1886,,,,,,,,,
 may 12 1886,,,,,,,,,
 may 12 1886,,,,,,,,,
 may 12 1886,,,,,,,,,
 may 12 1886,,,,,,,,,
 may 12 1886,,,,,,,,,
 may 12 1886,,,,,,,,,
 may 12 1886,,,37,-76.3,         hamptro roads va,            hampton roads,,,
  15/05/1886,,,,,,,,,
  15/05/1886,,,,,,,,,
  15/05/1886,,,,,,,,,
  15/05/1886,,,37,-76.3,passing from hampton rds va to annapolis maryland,            hampton roads,,,
  15/05/1886,,,,,,,,,
  15/05/1886,,,,,,,,,
  18/05/1886,,,,,,,,,
  18/05/1886,,,38.5,-28.6,at anchor annapolis maryland usa,                     poti,annapolis maryland,38 58 22.6N,0001-01-30
  19/05/1886,,,,,,,,,
  19/05/1886,,,42.2,41.7,             annapolis md,                     poti,annapolis maryland,,
  20/05/1886,,,,,,,,,
  20/05/1886,,,,,,,,,
  21/05/1886,,,,,,,,,
  21/05/1886,,,42.2,41.7,             annapolis ma,                     poti,annapolis maryland,,
  22/05/1886,,,,,,,,,
  22/05/1886,,,42.2,41.7,             annapolis md,                     poti,annapolis maryland,,
  05/23/1886,,,,,,,,,
  05/24/1886, 38 973356, 76 475315,42.2,41.7,       annapolis maryland,                     poti,annapolis maryland,,
  05/24/1886,,,42.2,41.7,       annapolis maryland,                     poti,annapolis maryland,,
  05/25/1886,   38 9733,   76 4753,42.2,41.7,       annapolis maryland,                     poti,annapolis maryland,,
   25/05/1886,,,42.2,41.7,       annapolis maryland,                     poti,annapolis maryland,,
  05/26/1886,,,42.2,41.7,       annapolis maryland,                     poti,annapolis maryland,,
   26/05/1886,,,42.2,41.7,       annapolis maryland,                     poti,annapolis maryland,,
  05/27/1886,,,42.2,41.7,       annapolis maryland,                     poti,annapolis maryland,,
   5/27/1886,,,42.2,41.7,       annapolis maryland,                     poti,annapolis maryland,,
  05/28/1886,,,42.2,41.7,       annapolis maryland,                     poti,annapolis maryland,,
  05/28/1886,,,42.2,41.7,       annapolis maryland,                     poti,annapolis maryland,,
  05/29/1886,,,42.2,41.7,       annapolis maryland,                     poti,annapolis maryland,,
   5/29/1886,,,42.2,41.7,       annapolis maryland,                     poti,annapolis maryland,,
  05/29/1886,,,42.2,41.7,anchored off annapolis maryland,                     poti,annapolis maryland,,
  29/05/1886,,,42.2,41.7,       annapolis maryland,                     poti,annapolis maryland,,
  05/30/1886,,,42.2,41.7,       annapolis maryland,                     poti,annapolis maryland,,
  05/30/1886,,,42.2,41.7,       annapolis maryland,                     poti,annapolis maryland,,
  05/31/1886,,,42.2,41.7,at anchor off annapolis maryland,                     poti,annapolis maryland,,
  31/05/1886,,,42.2,41.7,       annapolis maryland,                     poti,annapolis maryland,,
  31/05/1886,,,42.2,41.7,       annapolis maryland,                     poti,annapolis maryland,,
   31/05/1886,,,,,,,,,
  01/06/1886,,,42.2,41.7,       annapolis maryland,                     poti,annapolis maryland,,
   01/06/1886,,,42.2,41.7,       annapolis maryland,                     poti,annapolis maryland,,
  06/01/1886,,,42.2,41.7,       annapolis maryland,                     poti,annapolis maryland,,
  01/06/1886,,,42.2,41.7,       annapolis maryland,                     poti,annapolis maryland,,
  02/06/1886,,,42.2,41.7,       annapolis maryland,                     poti,annapolis maryland,,
  02/06/1886,,,42.2,45,rhoys wharf at naval accademy,                     poti,naval academy maryland,38 58 59N,0001-06-11
  03/06/1886,,,42.2,41.7,       annapolis maryland,                     poti,annapolis maryland,,
  03/06/1886,,,42.2,41.7,       annapolis maryland,                     poti,annapolis maryland,,
  04/06/1886,,,42.2,41.7,       annapolis maryland,                     poti,annapolis maryland,,
  04/06/1886,,,42.2,41.7,       annapolis maryland,                     poti,annapolis maryland,,
  04/06/1886,,,42.2,41.7,       annapolis maryland,                     poti,annapolis maryland,,
   05/06/1886,,,42.2,41.7,       annapolis maryland,                     poti,annapolis maryland,,
   05/06/1886,,,42.2,41.7,       annapolis maryland,                     poti,annapolis maryland,,
  06/06/1886,,,,,,,,,
  06/06/1886,,,42.2,41.7,       annapolis maryland,                     poti,annapolis maryland,,
  07/06/1886,,,,,,,,,
  07/06/1886,,,42.2,41.7,       annapolis maryland,                     poti,annapolis maryland,,
    8/6/1886,,,,,,,,,
    8/6/1886,,,42.2,41.7,       annapolis maryland,                     poti,annapolis maryland,,
  09/06/1886,,,,,,,,,
  09/06/1886,,,42.2,41.7,       annapolis maryland,                     poti,annapolis maryland,,
   10/6/1886,,,,,,,,,
   10/6/1886,,,42.2,41.7,       annapolis maryland,                     poti,annapolis maryland,,
   10/06/1886,,,,,,,,,
   10/06/1886,,,42.2,41.7,       annapolis maryland,                     poti,annapolis maryland,,
"June 11, 1886",,,,,,,,,
"June 11, 1886",,,,,,,,,
   11/06/1886,,,,,,,,,
   11/06/1886,,,42.2,41.7,the de havilland dh60 moth is a 1920s british twoseat touring and training aircraft that was developed into a series of aircraft by the de havilland aircraft company,                     vila,annapolis maryland,,
   12/6/1886,,,,,,,,,
   12/6/1886,,,,,,,,,
   12/06/1886,,,,,,,,,
   12/06/1886,,,42.2,41.7,             annapolis md,                     poti,annapolis maryland,,
    06/13/86,,,,,,,,,
    06/13/86,,,42.2,41.7,             annapolis md,                     poti,annapolis maryland,,
   14/6/1886,,,,,,,,,
   14/6/1886,,,42.2,41.7,             annapolis md,                     poti,annapolis maryland,,
   15/06/1886,,,,,,,,,
   15/06/1886,,,42.2,41.7,             annapolis md,                     poti,annapolis maryland,,
  16/06/1886,,,,,,,,,
  16/06/1886,,,42.2,41.7,             annapolis md,                     poti,annapolis maryland,,
   17/6/1886,,,,,,,,,
   17/6/1886,,,42.2,41.7,at anchor off annapolis md,                     poti,annapolis maryland,,
    17/06/1886,,,,,,,,,
    17/06/1886,,,42.2,41.7,             annapolis md,                     poti,annapolis maryland,,
   18/6/1886,,,,,,,,,
   18/6/1886,,,42.2,41.7,             annapolis md,                     poti,annapolis maryland,,
   19/6/1886,,,,,,,,,
    20/06/1886,,,42.2,41.7,             annapolis md,                     poti,annapolis maryland,,
   20/6/1886,,,,,,,,,
   20/6/1886,,,42.2,41.7,             annapolis md,                     poti,annapolis maryland,,
    21/06/1886,,,,,,,,,
    21/06/1886,,,,,,,,,
    21/06/1886,,,,,,,,,
    21/06/1886,,,42.2,41.7,             annapolis md,                     poti,annapolis maryland,,
   22/6/1886,,,,,,,,,
   22/6/1886,,,37,-76,           chesapeake bay,           chesapeake bay,,,
   23/6/1886,,,,,,,,,
   23/6/1886,,,37,-76,           chesapeake bay,           chesapeake bay,,,
    24/06/1886,,,,,,,,,
    24/06/1886,,,37,-76,standing down chesapeake bay,           chesapeake bay,,,
  25/06/1886,,,36.9,7.8,4 pm cpe charles bore ese,                     bone,cape charles virginia,37 16 3N,0001-12-24
  25/06/1886,     36 05,     75 49,,,    cape henry lighthouse,,,,
    26/06/1886,,,,,,,,,
    26/06/1886,   36 35 N,   74 24 W,,,,,,,
   27/6/1886,,,,,,,,,
   27/6/1886,   36 13 N,   74 34 W,,,,,,,
  28/06/1886,,,,,,,,,
  28/06/1886,   36 31 N,   74 55 W,,,                   74 33w,,,,
   29/6/1886,   16 11 N,,,,,,,,
   29/6/1886,   36 53 N,   75 05 W,,,,,,,
  30/06/1886,,,,,,,,,
  30/06/1886,   37 13 N,   74 37 W,,,,,,,
  01/07/1886,,,,,,,,,
  01/07/1886,   38 14 N,   73 58 W,,,,,,,
  02/07/1886,,,,,,,,,
  02/07/1886,   38 14 N,   73 24 W,,,,,,,
  03/07/1886,,,,,,,,,
  03/07/1886,   38 21 N,   72 10 W,,,,,,,
  04/07/1886,,,,,,,,,
  04/07/1886,   38 59 N,   72 53 W,,,,,,,
    5/7/1886,,,,,,,,,
    5/7/1886,   39 24 N,   72 49 W,,,,,,,
    05/07/1886,,,,,,,,,
    05/07/1886,   40 28 N,   70 13 W,,,,,,,
    07/07/1886,,,,,,,,,
    07/07/1886,   42 08 N,   68 43 W,,,,,,,
  08/07/1886,,,,,,,,,
  08/07/1886,   42 36 N,   67 50 W,,,,,,,
    9/7/1886,,,,,,,,,
    9/7/1886,   42 20 N,   67 45 W,,,,,,,
   10/7/1886,,,,,,,,,
   10/7/1886,   42 48 N,   67 28 W,,,,,,,
    11/07/1886,,,,,,,,,
    11/07/1886,   42 16 N,   68 41 W,,,,,,,
  112/7/1886,,,,,,,,,
  112/7/1886,   42 58 N,   67 33 W,,,                   at sea,,,,
   13/7/1886,,,,,,,,,
   13/7/1886,   42 49 N,   68 14 W,,,                   at sea,,,,
   14/7/1886,,,,,,,,,
   14/7/1886,   43 14 N,   68 56 W,,,,,,,
    15/07/1886,,,,,,,,,
    15/07/1886,,,,,,,,,
    16/07/1886,,,,,,,,,
    16/07/1886,,,36.8,-76.3,lower harbor of portsmouth nh,            portsmouth va,portsmouth new hampshire,43 4 32N,0001-09-24
    17/07/1886,,,,,,,,,
    17/07/1886,,,36.8,-76.3,  navy yard portsmouth nh,            portsmouth va,portsmouth new hampshire,,
    18/07/1886,,,,,,,,,
    18/07/1886,,,50.8,-1.1, navy yard portomouths nh,               portsmouth,portsmouth new hampshire,,
    19/07/1886,,,,,,,,,
    19/07/1886,,,36.8,-76.3,moored to dock navy yard portsmouth nh,            portsmouth va,portsmouth new hampshire,,
   20/7/1886,,,,,,,,,
   20/7/1886,,,36.8,-76.3,  navy yard portsmouth nh,            portsmouth va,portsmouth new hampshire,,
   21/7/1886,,,,,,,,,
   21/7/1886,,,36.8,-76.3,moored to dock navy yard portsmouth nh,            portsmouth va,portsmouth new hampshire,,
   22/7/1886,,,,,,,,,
   22/7/1886,,,36.8,-76.3,  navy yard portsmouth nh,            portsmouth va,portsmouth new hampshire,,
    23/07/1886,,,,,,,,,
    23/07/1886,,,36.8,-76.3,  navy yard portsmouth nh,            portsmouth va,portsmouth new hampshire,,
   24/7/1886,,,,,,,,,
   24/7/1886,,,36.8,-76.3,  navy yard portsmouth nh,            portsmouth va,portsmouth new hampshire,,
   25/7/1886,,,,,,,,,
   25/7/1886,,,36.8,-76.3,  navy yard portsmouth nh,            portsmouth va,portsmouth new hampshire,,
  26/07/1886,,,,,,,,,
  26/07/1886,,,36.8,-76.3,  navy yard portsmouth nh,            portsmouth va,portsmouth new hampshire,,
   27/7/1886,,,,,,,,,
   27/7/1886,,,36.8,-76.3,  navy yard portsmouth nh,            portsmouth va,portsmouth new hampshire,,
    28/07/1886,,,,,,,,,
    28/07/1886,,,36.8,-76.3,  navy yard portsmouth nh,            portsmouth va,portsmouth new hampshire,,
   29/7/1886,,,,,,,,,
   29/7/1886,,,36.8,-76.3,  navy yard portsmouth nh,            portsmouth va,portsmouth new hampshire,,
   30/7/1886,,,,,,,,,
   30/7/1886,,,36.8,-76.3,lower harbor portsmouth nh,            portsmouth va,portsmouth new hampshire,,
   31/7/1886,,,56.2,120.4,fishers island sight bearing pc east whale back pc s by e 34e,                    forth,fishers island new york,41 15 43N,0001-07-02
   31/7/1886,,,36.8,-76.3,lower harbor portsmouth nh,            portsmouth va,portsmouth new hampshire,,
  01/08/1886,,,,,,,,,
  01/08/1886,   42 42 N,   69 57 W,,,,,,,
    02/08/1886,,,,,,,,,
    02/08/1886,   42 03 N,   67 06 W,,,                   at sea,,,,
  03/08/1886,,,,,,,,,
  03/08/1886,   39 56 N,   66 22 W,,,,,,,
  04/08/1886,,,,,,,,,
  04/08/1886,   39 18 N,   66 14 W,,,                   at sea,,,,
  05/08/1886,,,,,,,,,
  05/08/1886,   38 50 N,   67 12 W,,,                   at sea,,,,
  06/08/1886,,,,,,,,,
  06/08/1886,   38 25 N,   69 25 W,,,                   at sea,,,,
    07/08/1886,,,,,,,,,
    07/08/1886,   38 33 N,   69 22 W,,,,,,,
  08/08/1886,,,,,,,,,
  08/08/1886,   38 07 N,   70 52 W,,,                   at sea,,,,
  09/08/1886,   18 01 S,,,,,,,,
  09/08/1886,   37 57 N,   72 58 W,,,,,,,
   10/8/1886,,,,,,,,,
   10/8/1886,   37 51 N,   73 26 W,,,,,,,
  11/08/1886,,,,,,,,,
  11/08/1886,   37 55 N,   74 04 W,,,,,,,
  12/08/1886,,,,,,,,,
  12/08/1886,   37 32 N,   74 20 W,,,,,,,
   13/8/1886,,,43.1,16.7,             cape charles,               fog island,cape charles virginia,,
   13/8/1886,   37 10 N,   75 26 W,,,                   at sea,,,,
  14/08/1886,,,43.1,-127.9,               cape henry,               fog island,cape henry,36 55 29.3N,0001-03-28
  14/08/1886,,,37,-6,             chispers bay,           chesapeake bay,chesapeake bay,,
    15/08/1886,,,,,,,,,
    15/08/1886,,,,,  at anchor in lyn ho bay,,,,
   16/8/1886,,,,,,,,,
   16/8/1886,,,,,,,,,
  17/08/1884,,,,,,,,,
  17/08/1884,,,37,-76.3,            hampton roads,            hampton roads,,,
   18/8/1886,,,,,,,,,
   18/8/1886,,,56.2,-3,at anchor off old point comfort va,                    forth,old point comfort,37 00 02N,0001-10-15
"Thursday, Aug 19, 1886",,,,,,,,,
"Thursday, Aug 19, 1886",,,56.2,-3,at anchor off old point comfort va,                    forth,old point comfort,,
   20/8/1886,,,,,,,,,
   20/8/1886,,,30,48.5,at anchor off old pt crawford va,                      fao,old point comfort,,
  21/08/1884,,,,,,,,,
  21/08/1884,,,56.2,-3,at anchor off old point comfort va,                    forth,old point comfort,,
  22/08/1886,,,,,,,,,
  22/08/1886,,,37,-76.3,            hampton roads,            hampton roads,,,
  23/08/1886,,,,,,,,,
  23/08/1886,,,56.2,-3,at anchor off old point comfort va,                    forth,old point comfort,,
   24/8/1886,,,,,,,,,
   24/8/1886,,,37,-76.3,at achor in hampton roads,            hampton roads,,,
   25/8/1886,,,,,,,,,
   25/8/1886,,,37,-76,           chesapeake bay,           chesapeake bay,,,
   26/8/1886,,,37,-76,  rappahannock spit light,                    pahua,windmill point light virginia,37.5968N,0002-06-18
   26/8/1886,,,42.2,41.7,          annapolis roads,                     poti,annapolis maryland,,
  27/08/1886,,,37,41.7,           chesapeake bay,                     poti,annapolis maryland,,
  27/08/1886,,,42.2,41.7,             annapolis md,                     poti,annapolis maryland,,
   28/8/1886,,,,,,,,,
   28/8/1886,,,42.2,41.7,             annapolis md,                     poti,annapolis maryland,,
   29/8/1886,,,,,,,,,
   29/8/1886,,,42.2,41.7, atauchoroff annapolis md,                     poti,annapolis maryland,,
   30/8/1886,,,,,,,,,
   30/8/1886,,,42.2,41.7,             annapolis md,                     poti,annapolis maryland,,
  08/30/1886,,,,,,,,,
  08/30/1886,,,42.2,41.7,at anchor off annapolis md,                     poti,annapolis maryland,,
   31/8/1886,,,,,,,,,
   31/8/1886,,,42.2,41.7,       annapolis maryland,                     poti,annapolis maryland,,
  01/09/1886,,,,,,,,,
  01/09/1886,,,42.2,41.7,             annapolis md,                     poti,annapolis maryland,,
    2/9/1886,,,,,,,,,
    2/9/1886,,,42.2,41.7,at anchor off annapolis md,                     poti,annapolis maryland,,
    3/9/1886,,,,,,,,,
    3/9/1886,,,,,,,,,
    3/9/1886,,,,,,,,,
    3/9/1886,,,42.2,-76,at anchor off annapolis md,           chesapeake bay,annapolis maryland,,
  03/09/1886,,,,,,,,,
  03/09/1886,,,-43,147.8,making passage from annapolis md to norfolk va,              norfolk bay,chesapeake bay,,
    4/9/1886,,,,,,,,,
    4/9/1886,,,-43,147.8,          fort norfolk va,              norfolk bay,fort norfolk virginia,36 51 24N,0001-06-18
  05/09/1886,,,,,,,,,
  05/09/1886,,,-43,147.8,at anchor at fort norfolk va,              norfolk bay,fort norfolk virginia,,
  05/09/1886,,,,,,,,,
  05/09/1886,,,-43,147.8,at anchor at fort norfolk va,              norfolk bay,fort norfolk virginia,,
  06/09/1886,,,,,,,,,
  06/09/1886,,,-43,147.8,at anchor off fort norfolk va,              norfolk bay,fort norfolk virginia,,
  07/09/1886,,,,,          elisabeth river,,,,
  07/09/1886,,,-43,147.8,     navy yard norfolk va,              norfolk bay,naval station norfolk,36 56.7N,0001-05-12
  08/09/1886,,,,,,,,,
  08/09/1886,,,-43,147.8,moored at navy yard norfolk va,              norfolk bay,naval station norfolk,,
  09/09/1886,,,,,,,,,
  09/09/1886,,,-43,147.8,     navy yard norfolk va,              norfolk bay,naval station norfolk,,
  10/09/1886,,,,,,,,,
  10/09/1886,,,-43,147.8,     navy yard norfolk va,              norfolk bay,naval station norfolk,,
  11/09/1886,,,,,,,,,
  11/09/1886,,,-43,147.8,               norfolk va,              norfolk bay,naval station norfolk,,
  11/09/1886,,,,,,,,,
  11/09/1886,,,-43,147.8,     navy yard norfolk va,              norfolk bay,naval station norfolk,,
  12/09/1886,,,,,,,,,
  12/09/1886,,,-43,147.8,navy yard norfolk virginia,              norfolk bay,naval station norfolk,,
  13/09/1886,,,,,,,,,
  13/09/1886,,,-43,147.8,     navy yard norfolk va,              norfolk bay,naval station norfolk,,
  14/09/1886,,,,,,,,,
  14/09/1886,,,-43,147.8,     navy yard norfolk va,              norfolk bay,naval station norfolk,,
   15/9/1886,,,,,,,,,
   15/9/1886,,,,,,,,,
   15/9/1886,,,,,,,,,
   15/9/1886,,,,,,,,,
  16/09/1886,,,-43,147.8,     navy yard norfolk va,              norfolk bay,naval station norfolk,,
  18/10/1886,,,-43,147.8,               norfolk va,              norfolk bay,naval station norfolk,,
  18/10/1886,,,,,,,,,
  18/10/1886,,,,,,,,,
  18/10/1886,,,,,,,,,
  18/10/1886,,,,,,,,,
  18/10/1886,,,,,,,,,
  18/10/1886,,,,,,,,,
  18/10/1886,,,,,,,,,
  18/10/1886,,,34.2,135.3,no bearings taken on landmarks,                    marus,naval station norfolk,,
  18/10/1886,,,,,,,,,
  18/10/1886,,,-43,147.8,     navy yard norfolk va,              norfolk bay,naval station norfolk,,
   16/9/1886,,,,,,,,,
   16/9/1886,,,,,,,,,
  16/09/1886,,,,,,,,,
  16/09/1886,,,-43,147.8,     navy yard norfolk va,              norfolk bay,naval station norfolk,,
  16/09/1886,,,,,,,,,
  16/09/1886,,,-43,147.8,     navy yard norfolk va,              norfolk bay,naval station norfolk,,
  17/09/1886,,,,,,,,,
  17/09/1886,,,-43,147.8,     navy yard norfolk va,              norfolk bay,naval station norfolk,,
   18/9/1886,,,,,,,,,
   18/9/1886,,,,,,,,,
  18/09/1886,,,,,,,,,
  18/09/1886,,,-43,147.8,     navy yard norfolk va,              norfolk bay,naval station norfolk,,
   19/9/1886,,,,,,,,,
   19/9/1886,,,-43,147.8,     navy yard norfolk va,              norfolk bay,naval station norfolk,,
   20/9/1886,,,,,,,,,
   20/9/1886,,,-43,147.8,     navy yard norfolk va,              norfolk bay,naval station norfolk,,
   21/9/1886,,,,,,,,,
   21/9/1886,,,-43,147.8,     navy yard norfolk va,              norfolk bay,naval station norfolk,,
   22/9/1886,,,,,,,,,
   22/9/1886,,,-43,147.8,     navy yard norfolk va,              norfolk bay,naval station norfolk,,
   23/9/1886,,,,,,,,,
   23/9/1886,,,36.8,-76.3,     navy yard norfolk va,              norfolk bay,naval station norfolk,,
   24/9/1886,,,,,,,,,
   24/9/1886,,,-43,147.8,     navy yard norfolk va,              norfolk bay,naval station norfolk,,
   25/9/1886,,,,,,,,,
   25/9/1886,,,-43,147.8,     navy yard norfolk va,              norfolk bay,naval station norfolk,,
  09/26/1886,,,,,,,,,
  09/26/1886,,,-43,147.8,     navy yard norfolk va,              norfolk bay,naval station norfolk,,
   27/9/1886,,,,,,,,,
   27/9/1886,,,-43,147.8,     navy yard norfolk va,              norfolk bay,naval station norfolk,,
   28/9/1886,,,,,,,,,
   28/9/1886,,,-43,147.8,     navy yard norfolk va,              norfolk bay,naval station norfolk,,
   29/9/1886,,,,,,,,,
   29/9/1886,,,-43,147.8,     navy yard norfolk va,              norfolk bay,naval station norfolk,,
  30/09/1886,,,,,,,,,
  30/09/1886,,,-43,147.8,     navy yard norfolk va,              norfolk bay,naval station norfolk,,
   1/10/1886,,,,,,,,,
   1/10/1886,,,-43,147.8,     navy yard norfolk va,              norfolk bay,naval station norfolk,,
   2/10/1886,,,,,,,,,
   2/10/1886,,,-43,147.8,     navy yard norfolk va,              norfolk bay,naval station norfolk,,
  03/10/1886,,,,,,,,,
  03/10/1886,,,36.8,-76.3,     navy yard norfolk va,              norfolk bay,naval station norfolk,,
   4/10/1886,,,,,,,,,
   4/10/1886,,,-43,147.8,     navy yard norfolk va,              norfolk bay,naval station norfolk,,
  05/10/1886,,,,,,,,,
  05/10/1886,,,-43,147.8,                jamestown,              norfolk bay,naval station norfolk,,
   6/10/1886,,,,,,,,,
   6/10/1886,,,-43,147.8,navy yard norfolk virginia,              norfolk bay,naval station norfolk,,
   7/10/1886,,,,,,,,,
   7/10/1886,,,-43,147.8,navy yard norfolk va  alongside navy yard wharf,              norfolk bay,naval station norfolk,,
   8/10/1886,,,,,,,,,
   8/10/1886,,,-43,147.8,     navy yard norfolk va,              norfolk bay,naval station norfolk,,
   9/10/1886,,,,,,,,,
   9/10/1886,,,-43,147.8,     navy yard norfolk va,              norfolk bay,naval station norfolk,,
  10/10/1886,,,,,,,,,
  10/10/1886,,,-43,147.8,     navy yard norfolk va,              norfolk bay,naval station norfolk,,
  11/10/1886,,,,,,,,,
  11/10/1886,,,-43,147.8,     navy yard norfolk va,              norfolk bay,naval station norfolk,,
  11/10/1886,,,,,,,,,
  11/10/1886,,,-43,147.8,     navy yard norfolk va,              norfolk bay,naval station norfolk,,
  12/10/1886,,,,,,,,,
  12/10/1886,,,-43,147.8,     norfolk navy yard va,              norfolk bay,naval station norfolk,,
  12/10/1886,,,,,,,,,
  12/10/1886,,,-43,147.8,        norfolk navy yard,              norfolk bay,naval station norfolk,,
  12/10/1886,,,,,,,,,
  12/10/1886,,,-43,147.8,     navy yard norfolk va,              norfolk bay,naval station norfolk,,
  13/10/1886,,,,,,,,,
  13/10/1886,,,,,,,,,
  13/10/1886,,,,,,,,,
  13/10/1886,,,-43,147.8,     navy yard norfolk va,              norfolk bay,naval station norfolk,,
  14/10/1886,,,,,,,,,
  14/10/1886,,,,,,,,,
  14/10/1886,,,,,,,,,
  14/10/1886,,,-43,147.8,     navy yard norfolk va,              norfolk bay,naval station norfolk,,
  15/10/1886,,,,,,,,,
  15/10/1886,,,,,,,,,
  15/10/1886,,,,,,,,,
  15/10/1886,,,-43,147.8,     navy yard norfolk va,              norfolk bay,naval station norfolk,,
  16/10/1886,,,,,,,,,
  16/10/1886,,,,,,,,,
  16/10/1886,,,,,,,,,
  16/10/1886,,,,,,,,,
  16/10/1886,,,,,,,,,
  16/10/1886,,,-43,147.8,     navy yard norfolk va,              norfolk bay,naval station norfolk,,
  17/10/1886,,,,,,,,,
  17/10/1886,,,,,,,,,
  10/18/1886,,,,,,,,,
  10/18/1886,,,-43,147.8,          fort norfolk va,              norfolk bay,fort norfolk virginia,,
  19/10/1886,,,,,,,,,
  19/10/1886,,,,,,,,,
  19/10/1886,,,,,,,,,
  19/10/1886,   36 41 N,,,,,,,,
  20/10/1886,,,,,,,,,
  20/10/1886,   37 54 N,   74 44 W,-43,147.8,aking passage from norfolk va to,              norfolk bay,north atlantic,,
  21/10/1886,,,,,,,,,
  21/10/1886,   38 52 N,   73 55 W,-43,147.8,making passage from norfolk va to new york,              norfolk bay,north atlantic,,
  22/10/1886,,,54.9,-5.8,               barnegatlt,                    larne,barnegat light new jersey,39.752007N,0002-06-03
  22/10/1886,,,36.8,147.8,making passage from norfolk va to new york,              norfolk bay,sandy hook,40.452891N,0002-06-02
  23/10/1886,,,56.2,-3,       elm tree beacon lt,                    forth,elm tree beacon light,40 33 50N,0001-10-29
  23/10/1886,,,,,,,,,
  24/10/1886,,,56.4,-5.5,           liberty statue,                      gib,liberty island,40 41 20N,0001-10-08
  24/10/1886,,,40.7,-74,          new york harbor,                 new york,,,
  24/10/1886,,,,,,,,,
  24/10/1886,,,40.7,-74,                 new york,                 new york,,,
  24/10/1886,,,,,,,,,
  24/10/1886,,,,,,,,,
  25/10/1886,,,40.6,-74,               east river,               east river,,,
  25/10/1886,,,40.7,-74,          new york harbor,                 new york,,,
  26/10/1886,,,,,,,,,
  26/10/1886,,,40.7,-74,          new york harbor,                 new york,,,
  27/10/1886,,,,,,,,,
  27/10/1886,,,40.7,-74,          new york harbor,                 new york,,,
  28/10/1886,,,,,,,,,
  28/10/1886,,,40.7,-74,          new york harbor,                 new york,,,
  29/10/1886,,,,,,,,,
  29/10/1886,,,40.7,-74,          new york harbor,                 new york,,,
  30/10/1886,,,,,,,,,
  30/10/1886,,,,,,,,,
  30/10/1886,,,,,,,,,
  30/10/1886,,,,,,,,,
  30/10/1886,,,,,,,,,
  30/10/1886,,,40.7,-74,          new york harbor,                 new york,,,
  31/10/1886,,,,,,,,,
  31/10/1886,,,40.7,-74,          new york harbor,                 new york,,,
  01/11/1886,,,,,,,,,
  01/11/1886,New York Harbor,,40.7,-74,          new york harbor,                 new york,,,
  02/11/1886,,,,,,,,,
  02/11/1886,,,40.7,-74,          new york harbor,                 new york,,,
  03/11/1886,,,,,,,,,
  03/11/1886,,,40.7,-74,          new york harbor,                 new york,,,
  04/11/1886,,,,,,,,,
  04/11/1886,,,40.7,-74,          new york harbor,                 new york,,,
  05/11/1886,,,,,,,,,
  05/11/1886,,,40.7,-74,          new york harbor,                 new york,,,
  05/11/1886,,,,,,,,,
  05/11/1886,,,40.7,-74,          new york harbor,                 new york,,,
   6/11/1886,,,,,,,,,
   6/11/1886,,,,,,,,,
  06/11/1886,,,,,,,,,
  06/11/1886,,,40.7,-74,          new york harbor,                 new york,,,
  07/11/1886,,,,,,,,,
  07/11/1886,,,40.7,-74,          new york harbor,                 new york,,,
  07/11/1886,,,,,,,,,
  07/11/1886,   38 07 N,   74 22 W,40.7,-74,making passage from new york to,                 new york,north atlantic,,
  08/11/1886,,,,,,,,,
  08/11/1886,0,0,37,-76.3,            hampton roads,            hampton roads,,,
   9/11/1886,,,56.2,-76.3,            hampton roads,            hampton roads,,,
   9/11/1886,,,37,-76.3,         hampton roads va,            hampton roads,,,
  10/11/1886,,,,,            thimble light,,,,
  10/11/1886,,,37,-76.3,         hampton roads va,            hampton roads,,,
  11/11/1886,,,,,,,,,
  11/11/1886,,,37,-76.3,         hampton roads va,            hampton roads,,,
  12/11/1886,,,,,,,,,
  12/11/1886,,,37,-76.3,at anchor hampton roads va,            hampton roads,,,
  13/11/1886,,,,,,,,,
  13/11/1886,,,37,-76.3,         hampton roads va,            hampton roads,,,
  14/11/1886,,,,,,,,,
  14/11/1886,,,37,-76.3,at anchor hampton roads va,            hampton roads,,,
  15/11/1886,,,,,,,,,
  15/11/1886,,,37,-76.3,         hampton roads va,            hampton roads,,,
  16/11/1886,,,,,,,,,
  16/11/1886,,,37,-76.3,at anchor hampton roads va,            hampton roads,,,
Tuesday November 16th 1886,,,,,,,,,
Tuesday November 16th 1886,,,37,-76.3,at anchor hampton roads va,            hampton roads,,,
Tuesday November 16th 1886,,,,,,,,,
Tuesday November 16th 1886,,,37,-76,           chesapeake bay,           chesapeake bay,,,
  17/11/1886,,,,,,,,,
  17/11/1886,,,37,-76,           chesapeake bay,           chesapeake bay,,,
  17/11/1886,,,29.9,32.6,8 am to merid smith point light house off port bow at end of watch,                   port t,smith point light,37.8800N,0002-06-18
  17/11/1886,,,53.4,-3,           paluxent river,                     alex,patuxent river,38 18 43N,0001-05-14
  18/11/1886,,,,,,,,,
  18/11/1886,,,,,           patuxent river,,,,
  19/11/1886,,,,,,,,,
  20/11/1886,,,,,           patuxent river,,,,
  20/11/1886,,,,,,,,,
  21/11/1886,,,,,           patuxent river,,,,
  21/11/1886,,,,,,,,,
  21/11/1886,,,,,             paxunt river,,,,
  21/11/1886,,,,,,,,,
  21/11/1886,,,,,           patuxent river,,,,
  22/11/1886,,,,,,,,,
  22/11/1886,,,43.1,41.7,             annapolis md,                     poti,annapolis maryland,,
  23/11/1886,,,,,,,,,
  23/11/1886,,,43.1,16.7,       harbor of anmaplis,                     hvar,annapolis maryland,,
  23/11/1886,,,,,,,,,
  23/11/1886,,,42.2,41.7,             annapolis md,                     poti,annapolis maryland,,
  24/11/1886,,,,,,,,,
  24/11/1886,,,42.2,41.7,             annapolis md,                     poti,annapolis maryland,,
  25/11/1886,,,,,,,,,
  25/11/1886,,,42.2,41.7,             annapolis md,                     poti,annapolis maryland,,
  26/11/1886,,,,,,,,,
  26/11/1886,,,,,,,,,
  27/11/1886,,,,,,,,,
  27/11/1886,,,42.2,41.7,             annapolis md,                     poti,annapolis maryland,,
  28/11/1886,,,,,,,,,
  28/11/1886,,,42.2,41.7,             annapolis md,                     poti,annapolis maryland,,
  11/28/1886,,,,,,,,,
  11/28/1886,,,42.2,41.7,             annapolis md,                     poti,annapolis maryland,,
  29/11/1886,,,,,,,,,
  29/11/1886,,,42.2,41.7,             annapolis md,                     poti,annapolis maryland,,
  30/11/1886,,,,,,,,,
  30/11/1886,,,42.2,41.7,             annapolis md,                     poti,annapolis maryland,,
  01/12/1886,,,,,,,,,
  01/12/1886,,,42.2,41.7,             annapolis md,                     poti,annapolis maryland,,
  01/12/1886,,,,,,,,,
  01/12/1886,,,42.2,41.7,             annapolis md,                     poti,annapolis maryland,,
  21/11/1886,,,,,,,,,
  21/11/1886,     23 43,     56 44,,,,,,,
  03/12/1886,,,,,,,,,
  03/12/1886,,,37,-76.3,         hampton roads va,            hampton roads,,,
  04/12/1886,,,56.2,-3,        old point comfort,                    forth,old point comfort,,
  04/12/1886,,,37,-76.3,         hampton roads va,            hampton roads,,,
  05/12/1886,,,,,,,,,
  05/12/1886,,,37,-76.3,         hampton roads va,            hampton roads,,,
   6/12/1886,,,,,,,,,
   6/12/1886,,,37,-76.3,         hampton roads va,            hampton roads,,,
  04/12/1886,,,,,,,,,
  04/12/1886,,,37,-76.3,         hampton roads va,            hampton roads,,,
   8/12/1886,,,,,,,,,
   8/12/1886,,,37,-76.3,         hampton roads va,            hampton roads,,,
  12/09/1886,,,,,,,,,
  12/09/1886,,,37,-76.3,         hampton roads va,            hampton roads,,,
  12/18/1886,,,,,,,,,
  12/18/1886,,,37,-76.3,         hampton roads va,            hampton roads,,,
  11/12/1886,,,,,,,,,
  11/12/1886,,,-43,147.8,          fort norfolk va,              norfolk bay,fort norfolk virginia,,
  12/12/1886,,,,,,,,,
  12/12/1886,,,36.8,-76.3,    fort norfolk virginia,               norfolk va,fort norfolk virginia,,
  12/12/1886,,,,,,,,,
  12/12/1886,,,-43,147.8,          fort norfolk va,              norfolk bay,fort norfolk virginia,,
  13/12/1886,,,,,,,,,
  13/12/1886,,,36.8,-76.3,    fort norfolk virginia,               norfolk va,fort norfolk virginia,,
  13/12/1886,,,,,,,,,
  13/12/1886,,,-43,-76.3,    fort norfolk virginia,               norfolk va,fort norfolk virginia,,
  14/12/1886,,,,,,,,,
  14/12/1886,,,-43,147.8,          fort norfolk va,              norfolk bay,fort norfolk virginia,,
12/december/1886,,,,,,,,,
12/december/1886,,,,,,,,,
  12/12/1886,,,,,,,,,
  12/12/1886,,,-43,147.8,          fort norfolk va,              norfolk bay,fort norfolk virginia,,
  16/12/1886,,,,,,,,,
  16/12/1886,,,-43,147.8,          fort norfolk va,              norfolk bay,fort norfolk virginia,,
16/12/1886,,,,,,,,,
16/12/1886,,,-43,147.8,          fort norfolk va,              norfolk bay,fort norfolk virginia,,
  17/12/1886,     17 12,,42.2,41.7, west end of rip raps sse,                     poti,rip raps,36 59 11N,0001-01-15
  17/12/1886,,,37,-76.3,         hampton roads va,            hampton roads,,,
  18/12/1886,,,,,,,,,
  18/12/1886,,,37,-76.3,         hampton roads va,            hampton roads,,,
  19/12/1886,,,,,,,,,
  19/12/1886,,,37,-76.3,         hampton roads va,            hampton roads,,,
  20/12/1886,,,,,,,,,
  20/12/1886,,,37,-76.3,         hampton roads va,            hampton roads,,,
  21/12/1886,,,,,,,,,
  21/12/1886,,,37,-76.3,         hampton roads va,            hampton roads,,,
  22/12/1886,,,63.1,-168.9,standing out past cape henry,                    forth,cape henry,,
  22/12/1886,   36 05 N,   74 44 W,,,naking passage from norfolk va to barbadoes wi,,,,
  23/12/1886,,,,,,,,,
  23/12/1886,   36 23 N,   72 10 W,,,,,,,
  24/12/1886,,,,,,,,,
  24/12/1886,   36 32 N,   70 24 W,,,,,,,
  25/12/1886,,,,,,,,,
  25/12/1886,   34 49 N,   67 40 W,,,,,,,
  26/12/1886,,,,,,,,,
  26/12/1886,   33 30 N,   65 22 W,37,-76.3,                     noon,            hampton roads,north atlantic,,
  27/12/1886,   33 34 N,   65 30 W,,,,,,,
  27/12/1886,   33 08 N,   62 57 W,,,,,,,
  28/12/1886,,,,,,,,,
  28/12/1886,   32 09 N,   62 06 W,,,,,,,
  29/12/1886,,,,,,,,,
  29/12/1886,   31 17 N,   61 42 W,,,,,,,
  30/12/1886,,,,,,,,,
  30/12/1886,   29 34 N,   63 06 W,,,,,,,
  31/12/1886,,,,,,,,,
  31/12/1886,   29 11 N,   62 06 W,,,,,,,
  01/01/1887,,,,,,,,,
  01/01/1887,   28 52 N,   61 52 W,,,,,,,
  02/01/1887,,,,,,,,,
  02/01/1887,   29 12 N,   60 28 W,,,,,,,
  03/01/1887,,,,,,,,,
  03/01/1887,   29 44 N,   59 25 W,,,,,,,
  04/01/1887,,,,,,,,,
  04/01/1887,   29 54 N,   58 27 W,,,,,,,
  05/01/1887,,,,,,,,,
  05/01/1887,   29 56 N,   57 08 W,30,-0.6,                  at noon,                      fao,north atlantic,,
  06/01/1887,,,,,,,,,
  06/01/1887,   29 57 N,   55 26 W,,,,,,,
  07/01/1887,,,,,,,,,
  07/01/1887,   30 00 N,   54 37 W,,,,,,,
  08/01/1886,bright moonlight,,,,,,,,
  08/01/1886,   29 20 N,   52 15 W,,,,,,,
  09/01/1887,,,,,,,,,
  09/01/1887,   27 46 N,   50 53 W,,,,,,,
  10/01/1887,,,,,,,,,
  10/01/1887,   26 49 N,   52 02 W,,,,,,,
  11/01/1887,,,,,,,,,
  11/01/1887,   26 43 N,   50 35 W,37,-76.3,making passage from hampton roads va to barbados w,            hampton roads,north atlantic,,
  12/01/1887,,,,,,,,,
  12/01/1887,   24 59 N,   51 24 W,37,-76.3,making passage from hampton roads va to barbadoes w i,            hampton roads,north atlantic,,
  13/01/1887,,,,,,,,,
  13/01/1887,   22 29 N,   52 06 W,37,-76.3,making passage from hampton roads va to barbadoes,            hampton roads,north atlantic,,
  14/01/1887,,,,,,,,,
  14/01/1887,   20 26 N,   53 31 W,37,-76.3,making passage from hampton roads va to barbadoes wi,            hampton roads,north atlantic,,
   15/1/1887,,,,,,,,,
   15/1/1887,   18 05 N,   55 05 W,37,-76.3,making passage from hampton roads va to barbadoes w i,            hampton roads,north atlantic,,
  16/01/1887,,,,,,,,,
  16/01/1887,   15 23 N,   56 59 W,37,-76.3,making passage from hampton roads va to barbadoes wi,            hampton roads,north atlantic,,
  17/01/1887,,,,,,,,,
  17/01/1887,   13 05 N,   59 12 W,37,-76.3,making passage from hampton roads va to barbadoes wi,            hampton roads,,,
  18/01/1887,,,33,-3, ragged point light house,              southpointe,ragged point barbados,13 09 49N,0002-02-11
  18/01/1887,,,13.1,-59.6,at anchor bridgetown barbadoes wi,     bridgetown  barbados,,,
  19/01/1887,,,,,,,,,
  19/01/1887,,,13.1,-59.6,   bridgetown barbados wi,     bridgetown  barbados,,,
  20/01/1887,,,,,,,,,
  20/01/1887,,,13.1,-59.6,   bridgetown barbados wi,     bridgetown  barbados,,,
  21/01/1887,,,,,,,,,
  21/01/1887,,,13.1,-59.6,   bridgetown barbados wi,     bridgetown  barbados,,,
  22/01/1887,,,,,,,,,
  22/01/1887,,,13.1,-59.6,at anchor off bridgetown barbadoes wi,     bridgetown  barbados,,,
  23/01/1887,,,,,,,,,
  23/01/1887,,,13.1,-59.6,at anchor off bridgetown barbadoes wi,     bridgetown  barbados,,,
  24/01/1887,,,,,,,,,
  24/01/1887,,,13.1,-59.6,at anchor off bridgetown barbadoes wi,     bridgetown  barbados,,,
  25/01/1887,,,,,,,,,
  25/01/1887,,,13.1,-59.6,at anchor bridgetown barbadoes wi,     bridgetown  barbados,,,
  26/01/1887,,,,,,,,,
  26/01/1887,,,13.1,-59.6,at anchor off bridgetown barbadoes wi,     bridgetown  barbados,,,
  27/01/1887,,,,,,,,,
  27/01/1887,,,13.1,-59.6,at anchor off bridgetown barbadoes w,     bridgetown  barbados,,,
  28/01/1887,,,,,,,,,
  28/01/1887,,,13.1,-59.6,at anchor off bridgetown barbadoes wi,     bridgetown  barbados,,,
  29/01/1887,,,,,,,,,
  29/01/1887,,,13.1,-59.6,at anchor off bridgetown barbadoes wi,     bridgetown  barbados,,,
  30/01/1887,,,,,,,,,
  30/01/1887,,,13.1,-59.6,at anchor bridgetown barbadoes wi,     bridgetown  barbados,,,
  31/01/1887,,,,,,,,,
  31/01/1887,,,13.1,-59.6,at anchor off bridgetown barbadoes wi,     bridgetown  barbados,,,
  01/02/1887,,,,,               hiedham pt,,,,
  01/02/1887,,,10.7,-61.5,making passage from barbadoes to trinidad wi,                 trinidad,,,
  02/02/1887,,,35.7,-0.6,            gaspar grande,            port of spain,gaspar grande,10 40N,0001-10-01
  02/02/1887,,,10.7,-61.5,at anchor off port de spain trinidad underway and at anchor in harbor,     port of spain trinid,,,
  03/02/1887,,,,,             caroni river,,,,
  03/02/1887,,,10.7,-61.5,at anchor in harbor trinidad wi,                 trinidad,,,
  04/02/1887,,,,,,,,,
  04/02/1887,,,10.7,-61.5,at anchor off port de spain trinidad wi,     port of spain trinid,,,
  05/02/1887,,,,,,,,,
  05/02/1887,,,10.7,-61.5,at anchor off port of spain trinidad wi,     port of spain trinid,,,
  06/02/1887,,,,,,,,,
  06/02/1887,,,10.7,-61.5,at anchor off port of spain trinidad wi,     port of spain trinid,,,
  07/02/1887,,,,,,,,,
  07/02/1887,,,10.7,-61.5,at anchor off port au spain trinidad wi,     port of spain trinid,,,
  08/02/1887,,,,,,,,,
  08/02/1887,,,10.7,-61.5,at anchor off port au spain trinidad w,     port of spain trinid,,,
  09/02/1887,,,,,,,,,
  09/02/1887,,,10.7,-61.5,at anchor off port of spain trinidad wi,     port of spain trinid,,,
  10/02/1887,,,,,,,,,
  10/02/1887,,,10.7,-61.5,at anchor off port au spain trinidad wi,     port of spain trinid,,,
  11/02/1887,,,,,,,,,
  11/02/1887,,,,,,,,,
  12/02/1887,,,,,,,,,
  12/02/1887,,,10.7,-61.5,at anchor off port au spain trinidad wi,     port of spain trinid,,,
  13/02/1887,,,,,,,,,
  13/02/1887,,,10.7,-61.5,port au spain trinidad wi,     port of spain trinid,,,
  14/02/1887,,,,,,,,,
  14/02/1887,,,10.7,-61.5,at anchor off port au spain trinidad wi,     port of spain trinid,,,
  15/02/1887,,,,,,,,,
  15/02/1887,,,10.7,-61.5,port au spain trinidad wi,     port of spain trinid,,,
  16/02/1887,,,,,,,,,
  16/02/1887,,,10.7,-61.5,at anchor off port au spain trinidad wi,     port of spain trinid,,,
  17/02/1887,,,,,,,,,
  17/02/1887,,,10.7,-61.5,at anchor off port au spain trinidad wi,     port of spain trinid,,,
  18/02/1887,,,,,,,,,
  18/02/1887,,,10.7,-61.5,at anchor off port au spain trinidad wi,     port of spain trinid,,,
  19/02/1887,,,56.6,-169.6,                ft george,                st george,port of spain,10 40N,0001-08-06
  19/02/1887,,,10.7,-61.5,at anchor off port au spain trinidad w i,     port of spain trinid,,,
  20/02/1887,,,,,,,,,
  20/02/1887,,,10.7,-61.5,port au spain trinidad wi,     port of spain trinid,,,
  21/02/1887,,,,,,,,,
  21/02/1887,,,10.7,-61.5,port au spain trinidad wi,     port of spain trinid,,,
  22/02/1887,,,,,,,,,
  22/02/1887,,,10.7,-61.5,port au spain trinidad wi,     port of spain trinid,,,
  23/02/1887,,,,,,,,,
  23/02/1887,,,30,48.5,at anchor off san fananda wi,                      fao,san fernando trinidad,10 17N,0001-07-16
  24/02/1887,,,,,,,,,
  24/02/1887,,,10.7,-61.5,port au spain trinidad wi,     port of spain trinid,,,
  25/02/1887,,,,,,,,,
  25/02/1887,,,10.7,-61.5,port au spain trinidad wi,     port of spain trinid,,,
  26/02/1887,,,,,,,,,
  26/02/1887,,,10.7,-61.5,at anchor off port au spain trinidad wi,     port of spain trinid,,,
  27/02/1887,,,,,,,,,
  27/02/1887,,,10.7,-61.5,at anchor off port au spain trinidad wi,     port of spain trinid,,,
  28/02/1887,,,51,-127.7,             five islands,              pine island,caledonia island,10 39 45.12N,0001-12-14
  28/02/1887,,,10.7,-61.5,at anchor off port of spain trinidad wi,     port of spain trinid,,,
  01/03/1887,,,56.6,-169.6,                ft george,                st george,port of spain,,
  01/03/1887,,,10.7,-61.5,at anchor off port of spain trinidad wi,     port of spain trinid,,,
  02/03/1887,,,,,,,,,
  02/03/1887,,,10.7,-61.5,at anchor off port of spain trinidad wi,     port of spain trinid,,,
  03/03/1887,,,,,,,,,
  03/03/1887,,,10.7,-61.5,at anchor off port of spain trinidad wi,     port of spain trinid,,,
  04/03/1887,,,,,,,,,
  04/03/1887,,,10.7,-61.5,at anchor off port of spain trinidad wi,     port of spain trinid,,,
  05/03/1887,,,69.8,-53.5,   east end diego islands,             disko island,carrera island,10 40N,0001-09-17
  05/03/1887,   10 52 N,   61 52 W,-13.8,-171.7,         gulf of paria wi,                     apia,gulf of paria,10 23N,0001-05-28
  06/03/1887,,,10.7,-61.5,                 trinidad,                 trinidad,bocas del dragon,10 45N,0001-11-19
  06/03/1887,   12 37 N,   62 26 W,17.3,-62.7,making passage from trinidad to basseterre st kitts,      basseterre st kitts,caribbean sea,,
  07/03/1887,,,,,,,,,
  07/03/1887,   14 48 N,   63 11 W,17.3,-62.7,making passage from trinidad to basseterre st kitts wi,      basseterre st kitts,caribbean sea,,
  08/03/1887,,,,,,,,,
  08/03/1887,   14 21 N,   62 32 W,17.3,-62.7,making passage from trinidad to basseterre st kitts wi,      basseterre st kitts,caribbean sea,,
  09/03/1887,,,,,,,,,
  09/03/1887,   15 02 N,   62 22 W,17.3,-62.7,making passage from trinidad to basseterre st kitts wi,      basseterre st kitts,caribbean sea,,
  10/03/1887,,,,,,,,,
  10/03/1887,,,17.3,-62.7,making passage from trinidad to basseterre st kitts wi,      basseterre st kitts,,,
  11/03/1887,,,55,-1.5,         basseterre light,                      tic,basseterre,17 18N,0001-11-05
  11/03/1887,,,17.3,-62.7,standing off and on off harbor of basseterre st kitts,      basseterre st kitts,,,
  12/03/1887,,,38.1,-122.3,basseterre island of st cristophers,                     hoia,basseterre,,
  12/03/1887,,,17.3,-62.7,   basseterre st kitts wi,      basseterre st kitts,,,
  13/03/1887,,,,,,,,,
  13/03/1887,,,17.3,-62.7,at anchor off basseterre st kitts wi,      basseterre st kitts,,,
  14/03/1887,,,,,,,,,
  14/03/1887,,,17.3,-62.7,at anchor off basseterre st kitts wi,      basseterre st kitts,,,
  15/03/1887,,,,,,,,,
  15/03/1887,,,17.3,-62.7,at anchor off basseterre st kitts wi,      basseterre st kitts,,,
  16/03/1887,,,,,,,,,
  16/03/1887,,,17.3,-62.7,   basseterre st kitts wi,      basseterre st kitts,,,
  17/03/1887,,,,,,,,,
  17/03/1887,,,17.3,-62.7,   basseterre st kitts wi,      basseterre st kitts,,,
  18/03/1887,,,,,,,,,
  18/03/1887,,,17.3,-62.7,   basseterre st kitts wi,      basseterre st kitts,,,
  19/03/1887,,,,,,,,,
  19/03/1887,,,17.3,-62.7,   basseterre st kitts wi,      basseterre st kitts,,,
  20/03/1887,,,,,,,,,
  20/03/1887,   17 04 N,   62 45 W,17.3,-62.7,   basseterre st kitts wi,      basseterre st kitts,,,
  21/03/1887,,,,,   nags head bearing n34e,,,,
  21/03/1887,   15 29 N,   61 45 W,17.3,-62.7,making passage from basseterre st kitts to martinique wi,      basseterre st kitts,terre de bas,15 51 00N,0001-01-01
  22/03/1887,,,51.2,1.4,               guadaloupe,                     deal,guadeloupe,16 15N,0001-09-03
  22/03/1887,   15 25 N,   61 44 W,17.3,-62.7,making passage from basseterre st kitts to martinique,      basseterre st kitts,terre de bas,,
  23/03/1887,,,,,,,,,
  23/03/1887,   14 58 N,   61 25 W,17.3,-62.7,making passage from basseterre st kitts to st thomas,      basseterre st kitts,martinique,,
  24/03/1887,,,,,,,,,
  24/03/1887,,,,,,,,,
  24/03/1887,,,,,,,,,
  24/03/1887,,,,,,,,,
  24/09/1887,,,,,                   at sea,,,,
  24/09/1887,,,,,,,,,
  24/09/1887,,,,,,,,,
  25/03/1887,,,,,,,,,
  25/03/1887,,,,,,,,,
  25/03/1887,,,,,,,,,
  25/03/1887,,,,,,,,,
  25/03/1887,,,,,,,,,
  25/03/1887,,,,,,,,,
  25/03/1887,,,,,,,,,
  25/03/1887,,,,,,,,,
  25/03/1887,,,,,,,,,
  25/03/1887,,,,,,,,,
  25/03/1887,   16 47 N,   63 08 W,17.3,-62.7,making passage from basseterre st kitts to st thomas wi,      basseterre st kitts,caribbean sea,,
  25/03/1887,,,,,,,,,
  25/03/1887,,,17.3,-62.7,making passage from basseterre st kitts to st thomas wi,      basseterre st kitts,saint croix usvi,17 44 23N,0001-05-21
  26/03/1887,,,22.4,-131.2,st croix bore se virgin islands in sight ahead,             twin islands,saint croix usvi,,
  26/03/1887,,,13.2,-59.6,             st thomas wi,                st thomas,saint thomas usvi,,
  27/03/1887,,,,,,,,,
  27/03/1887,,,13.2,-59.6,             st thomas wi,                st thomas,saint thomas usvi,,
  28/03/1887,,,,,,,,,
  28/03/1887,,,13.2,-59.6,at anchor in harbor off st thomas wi,                st thomas,saint thomas usvi,,
  29/03/1887,,,,,,,,,
  29/03/1887,,,13.2,-59.6,             st thomas wi,                st thomas,saint thomas usvi,,
  30/03/1887,,,,,,,,,
  30/03/1887,,,13.2,-59.6,at anchor in harbor off st thomas wi,                st thomas,saint thomas usvi,,
  30/03/1887,,,,,,,,,
  30/03/1887,,,13.2,-59.6,at anchor in harbor off st thomas wi,                st thomas,saint thomas usvi,,
  31/03/1887,,,,,,,,,
  31/03/1887,,,13.2,-59.6,             st thomas wi,                st thomas,saint thomas usvi,,
  01/04/1887,,,,,,,,,
  01/04/1887,,,13.2,-59.6,             st thomas wi,                st thomas,saint thomas usvi,,
  02/04/1887,,,,,,,,,
  02/04/1887,   18 30 N,   65 17 W,13.2,-59.6,             st thomas wi,                st thomas,caribbean sea,,
  03/04/1887,,,,,,,,,
  03/04/1887,   21 05 N,   66 17 W,13.2,-59.6,making passage from st thomas wi to newport ri,                st thomas,north atlantic,,
  04/04/1887,,,,,,,,,
  04/04/1887,   21 57 N,   66 45 W,13.2,-59.6,making passage from st thomas wi to newport ri,                st thomas,north atlantic,,
  05/04/1887,,,,,,,,,
  05/04/1887,   22 26 N,   66 53 W,13.2,-59.6,making passage from st thomas wi to newport ri,                st thomas,north atlantic,,
  06/04/1887,,,,,,,,,
  06/04/1887,   24 18 N,   68 02 W,,,,,,,
  07/04/1887,,,,,,,,,
  07/04/1887,   26 58 N,   69 26 W,13.2,-59.6,making passage from st thomas wi to newport ri,                st thomas,north atlantic,,
  08/04/1887,,,,,,,,,
  08/04/1887,   28 10 N,   70 30 W,13.2,-59.6,making passage from st thomas wi to newport ri,                st thomas,north atlantic,,
  09/04/1887,,,,,,,,,
  09/04/1887,   29 39 N,   71 30 W,13.2,-59.6,making passage from st thomas wi to newport ri,                st thomas,north atlantic,,
  10/04/1887,,,,,,,,,
  10/04/1887,   30 09 N,   72 19 W,13.2,-59.6,making passage from st thomas wi to newport ri,                st thomas,north atlantic,,
  11/04/1887,,,,,,,,,
  11/04/1887,   31 50 N,   72 15 W,13.2,-59.6,making passage from st thomas wi to newport ri,                st thomas,north atlantic,,
  12/04/1887,,,,,,,,,
  12/04/1887,   33 16 N,   72 30 W,13.2,-59.6,making passage from st thomas wi to newport ri,                st thomas,north atlantic,,
  13/04/1887,,,,,,,,,
  13/04/1887,   34 37 N,   72 50 W,13.2,-59.6,making passage from st thomas wi to newport ri,                st thomas,north atlantic,,
  14/04/1887,,,,,,,,,
  14/04/1887,   37 03 N,   73 37 W,13.2,-59.6,making passage from st thomas wi to newport ri,                st thomas,north atlantic,,
  15/04/1887,,,,,,,,,
  15/04/1887,   39 37 N,   72 32 W,13.2,-59.6,making passage from st thomas wi to newport ri,                st thomas,north atlantic,,
  16/04/1887,,,,,,,,,
  16/04/1887,   40 58 N,   71 30 W,13.2,-59.6,making passage from st thomas wi to newport ri,                st thomas,north atlantic,,
  17/04/1887,,,,,,,,,
  17/04/1887,,,22.4,114.2,at anchor off and beating into harbor of newport ri,              tolo harbor,newport rhode island,41.488002N,0002-05-15
  18/04/1887,,,,,,,,,
  18/04/1887,,,29.9,32.6,               newport ri,                   port t,newport rhode island,,
  19/04/1887,,,,,,,,,
  19/04/1887,,,29.9,32.6,               newport ri,                   port t,newport rhode island,,
  20/04/1887,,,,,,,,,
  20/04/1887,,,29.9,32.6,at anchor buoy in harbor of newport ri,                   port t,newport rhode island,,
  21/04/1887,,,,,,,,,
  21/04/1887,,,29.9,32.6,at anchor buoy in harbor of newport ri,                   port t,newport rhode island,,
  22/04/1887,,,,,,,,,
  22/04/1887,,,29.9,32.6,at anchor buoy in harbor of newport ri,                   port t,newport rhode island,,
  23/04/1887,,,,,,,,,
  23/04/1887,,,29.9,32.6,at anchor buoy in harbor of newport ri,                   port t,newport rhode island,,
  24/04/1887,,,,,,,,,
  24/04/1887,,,29.9,32.6,at anchor buoy in harbor of newport ri,                   port t,newport rhode island,,
  25/04/1887,,,,,,,,,
  25/04/1887,,,29.9,32.6,at buoy in harbor newport rhode island,                   port t,newport rhode island,,
  26/04/1887,,,,,,,,,
  26/04/1887,,,29.9,32.6,at buoy in harbor newport rhode island,                   port t,newport rhode island,,
  27/04/1887,,,,,,,,,
  27/04/1887,,,29.9,32.6,at buoy in harbor newport rhode island,                   port t,newport rhode island,,
  28/04/1887,,,,,,,,,
  28/04/1887,,,29.9,32.6,at anchor buoy in harbor of newport ri,                   port t,newport rhode island,,
  29/04/1887,,,,,,,,,
  29/04/1887,,,29.9,32.6,     newport rhode island,                   port t,newport rhode island,,
  30/04/1887,,,,,,,,,
  30/04/1887,,,29.9,32.6,               newport ri,                   port t,newport rhode island,,
  01/05/1887,,,,,,,,,
  01/05/1887,,,29.9,32.6,               newport ri,                   port t,newport rhode island,,
  02/05/1887,,,,,,,,,
  02/05/1887,,,29.9,32.6,               newport ri,                   port t,newport rhode island,,
  03/05/1887,,,,,,,,,
  03/05/1887,,,29.9,32.6,               newport ri,                   port t,newport rhode island,,
  04/05/1887,,,,,,,,,
  04/05/1887,,,29.9,32.6,               newport ri,                   port t,newport rhode island,,
  05/05/1887,,,,,,,,,
  05/05/1887,,,29.9,32.6,at anchor buoy in harbor of newport ri,                   port t,newport rhode island,,
  06/05/1887,,,,,,,,,
  06/05/1887,,,29.9,32.6,               newport ri,                   port t,newport rhode island,,
  07/05/1887,,,,,,,,,
  07/05/1887,,,29.9,32.6,               newport ri,                   port t,newport rhode island,,
  08/05/1887,,,,,,,,,
  08/05/1887,,,29.9,32.6,               newport ri,                   port t,newport rhode island,,
  09/05/1887,,,,,,,,,
  09/05/1887,,,29.9,32.6,at anchor buoy in harbor of newport ri,                   port t,newport rhode island,,
  10/05/1887,,,,,,,,,
  10/05/1887,,,29.9,32.6,at anchor buoy in harbor of newport ri,                   port t,newport rhode island,,
  11/05/1887,,,,,,,,,
  11/05/1887,,,29.9,32.6,               newport ri,                   port t,newport rhode island,,
  12/05/1887,,,,,,,,,
  12/05/1887,,,29.9,32.6,               newport ri,                   port t,newport rhode island,,
  13/05/1887,,,,,,,,,
  13/05/1887,,,29.9,32.6,               newport ri,                   port t,newport rhode island,,
  14/05/1887,,,,,,,,,
  14/05/1887,,,29.9,32.6,               newport ri,                   port t,newport rhode island,,
  15/05/1887,,,,,,,,,
  15/05/1887,,,29.9,32.6,               newport ri,                   port t,newport rhode island,,
  16/05/1887,,,,,,,,,
  16/05/1887,,,29.9,32.6,               newport ri,                   port t,newport rhode island,,
  17/05/1887,,,,,,,,,
  17/05/1887,,,29.9,32.6,at anchor buoy in harbor of newport ri,                   port t,newport rhode island,,
  18/05/1887,,,,,,,,,
  18/05/1887,,,29.9,32.6,at anchor buoy in harbor of newport ri,                   port t,newport rhode island,,
  18/~~/1887,,,,,,,,,
  18/~~/1887,,,29.9,32.6,               newport ri,                   port t,newport rhode island,,
  19/05/1887,,,,,,,,,
  19/05/1887,,,29.9,32.6,at anchor buoy in harbor of newport ri,                   port t,newport rhode island,,
  19/05/1887,,,,,,,,,
  19/05/1887,,,29.9,32.6,               newport ri,                   port t,newport rhode island,,
  20/05/1887,,,,,,,,,
  20/05/1887,,,29.9,32.6,at anchor buoy in harbor of newport ri,                   port t,newport rhode island,,
  21/05/1887,,,60.7,-173.1,   coasters harbor island,              bear island,coasters harbor island,41 30 33.65N,0001-09-25
  21/05/1887,,,29.9,32.6,at anchor buoy in harbor of newport ri,                   port t,newport rhode island,,
  22/05/1887,,,,,,,,,
  22/05/1887,,,29.9,32.6,               newport ri,                   port t,newport rhode island,,
  23/05/1887,,,,,,,,,
  23/05/1887,,,29.9,32.6,at anchor buoy in harbor of newport ri,                   port t,newport rhode island,,
  24/05/1887,,,,,,,,,
  24/05/1887,,,29.9,32.6,               newport ri,                   port t,newport rhode island,,
  25/05/1887,,,,,,,,,
  25/05/1887,,,29.9,32.6,               newport ri,                   port t,newport rhode island,,
  26/05/1887,,,,,,,,,
  26/05/1887,,,29.9,32.6,               newport ri,                   port t,newport rhode island,,
  27/05/1887,,,,,,,,,
  27/05/1887,,,29.9,32.6,               newport ri,                   port t,newport rhode island,,
  28/05/1887,,,,,,,,,
  28/05/1887,,,29.9,32.6,               newport ri,                   port t,newport rhode island,,
  29/05/1887,,,,,,,,,
  29/05/1887,,,29.9,32.6,               newport ri,                   port t,newport rhode island,,
  30/05/1887,,,,,,,,,
  30/05/1887,,,29.9,32.6,               newport ri,                   port t,newport rhode island,,
  31/05/1887,,,,,,,,,
  31/05/1887,,,29.9,32.6,at anchor buoy in harbor of newport ri,                   port t,newport rhode island,,
  01/06/1887,,,,,,,,,
  01/06/1887,,,29.9,32.6,               newport ri,                   port t,newport rhode island,,
  02/06/1887,,,,,,,,,
  02/06/1887,,,29.9,32.6,at anchor buoy in harbor of newport ri,                   port t,newport rhode island,,
  02/06/1887,,,,,,,,,
  02/06/1887,,,29.9,32.6,               newport ri,                   port t,newport rhode island,,
  03/06/1887,,,,,,,,,
  03/06/1887,,,29.9,32.6,               newport ri,                   port t,newport rhode island,,
  04/06/1887,,,,,,,,,
  04/06/1887,,,29.9,32.6,at anchor buoy in harbor of newport ri,                   port t,newport rhode island,,
  04/06/1887,,,,,,,,,
  04/06/1887,,,29.9,32.6,               newport ri,                   port t,newport rhode island,,
  05/06/1887,,,,,,,,,
  05/06/1887,,,29.9,32.6,               newport ri,                   port t,newport rhode island,,
  06/06/1887,,,,,,,,,
  06/06/1887,,,29.9,32.6,               newport ri,                   port t,newport rhode island,,
  07/06/1887,,,,,,,,,
  07/06/1887,,,29.9,32.6,               newport ri,                   port t,newport rhode island,,
  08/06/1887,,,,,,,,,
  08/06/1887,,,29.9,32.6,               newport ri,                   port t,newport rhode island,,
  09/06/1887,,,,,,,,,
  09/06/1887,   39 54 N,   69 44 W,,,,,,,
  10/06/1887,,,,,,,,,
  10/06/1887,   38 45 N,   68 41 W,29.9,32.6,making passage from newport ri to lisbon portugal,                   port t,north atlantic,,
  11/06/1887,,,,,,,,,
  11/06/1887,   37 57 N,   68 21 W,29.9,32.6,making passage from newport ri to lisbon portugal,                   port t,north atlantic,,
  12/06/1887,,,,,,,,,
  12/06/1887,   37 27 N,   67 40 W,29.9,32.6,making passage from newport ri to lisbon portugal,                   port t,north atlantic,,
  13/06/1887,,,,,,,,,
  13/06/1887,   37 00 N,   66 35 W,29.9,32.6,making passage from newport ri to lisbon portugal,                   port t,north atlantic,,
  14/06/1887,,,,,,,,,
  14/06/1887,   36 56 N,   66 25 W,29.9,32.6,making passage from newport ri to lisbon portugal,                   port t,north atlantic,,
  15/06/1887,,,,,,,,,
  15/06/1887,   38 03 N,   66 26 W,29.9,32.6,making passage from newport ri to lisbon portugal,                   port t,north atlantic,,
  16/06/1887,,,,,,,,,
  16/06/1887,   38 39 N,   65 00 W,29.9,32.6,making passage from newport ri to lisbon portugal,                   port t,north atlantic,,
  17/06/1887,,,,,,,,,
  17/06/1887,   38 55 N,   60 05 W,,,,,,,
  18/06/1887,,,,,,,,,
  18/06/1887,   39 09 N,   55 15 W,29.9,32.6,making passage from newport ri to lisbon portugal,                   port t,north atlantic,,
  19/06/1887,,,,,,,,,
  19/06/1887,   39 07 N,   50 58 W,29.9,32.6,making passage from newport ri to lisbon portugal,                   port t,north atlantic,,
  20/06/1887,,,,,,,,,
  20/06/1887,   39 12 N,   47 46 W,29.9,32.6,making passage from newport ri to lisbon portugal,                   port t,north atlantic,,
  21/06/1887,,,,,,,,,
  21/06/1887,   39 30 N,   44 07 W,29.9,32.6,making passage from newport ri to lisbon portugal,                   port t,north atlantic,,
  22/06/1887,,,,,,,,,
  22/06/1887,   39 06 N,   41 24 W,29.9,32.6,making passage from newport ri to lisbon portugal,                   port t,north atlantic,,
  23/06/1887,,,,,,,,,
  23/06/1887,   38 48 N,   38 35 W,29.9,32.6,making passage from newport ri to lisbon portugal,                   port t,north atlantic,,
  24/06/1887,,,,,,,,,
  24/06/1887,   39 16 N,   36 50 W,29.9,32.6,making passage from newport ri to lisbon portugal,                   port t,north atlantic,,
  25/06/1887,,,,,,,,,
  25/06/1887,   39 48 N,   36 20 W,29.9,32.6,making passage from newport ri to lisbon portugal,                   port t,north atlantic,,
  26/06/1887,,,,,,,,,
  26/06/1887,   40 30 N,   36 37 W,29.9,32.6,making passage from newport ri to lisbon portugal,                   port t,north atlantic,,
  27/06/1887,,,,,,,,,
  27/06/1887,   41 10 N,   35 03 W,29.9,32.6,making passage from newport ri to lisbon portugal,                   port t,north atlantic,,
  28/06/1887,,,,,,,,,
  28/06/1887,   41 35 N,   33 30 W,29.9,32.6,making passage from newport ri to lisbon portugal,                   port t,north atlantic,,
  29/06/1887,,,,,,,,,
  29/06/1887,   41 49 N,   32 20 W,29.9,32.6,making passage from newport ri to lisbon portugal,                   port t,north atlantic,,
  30/06/1887,,,,,,,,,
  30/06/1887,   41 33 N,   31 30 W,29.9,32.6,making passage from newport ri to lisbon portugal,                   port t,north atlantic,,
  01/07/1887,,,,,,,,,
  01/07/1887,   41 48 N,   30 06 W,29.9,32.6,making passage from newport ri to lisbon portugal,                   port t,north atlantic,,
  02/07/1887,,,,,,,,,
  02/07/1887,   41 55 N,   29 24 W,29.9,32.6,making passage from newport ri to lisbon portugal,                   port t,north atlantic,,
  03/07/1887,,,,,,,,,
  03/07/1887,   41 58 N,   27 52 W,29.9,32.6,making passage from newport ri to lisbon portugal,                   port t,north atlantic,,
  04/07/1887,,,,,,,,,
  04/07/1887,   41 45 N,   25 03 W,29.9,32.6,making passage from newport ri to lisbon portugal,                   port t,north atlantic,,
  05/07/1887,,,,,,,,,
  05/07/1887,   41 18 N,   22 05 W,29.9,32.6,making passage from newport ri to lisbon portugal,                   port t,north atlantic,,
  06/07/1887,,,,,,,,,
  06/07/1887,   41 50 N,   17 17 W,29.9,32.6,making passage from newport ri to lisbon portugal,                   port t,north atlantic,,
  07/07/1887,,,,,,,,,
  07/07/1887,   40 03 N,   12 38 W,29.9,32.6,making passage from newport ri to lisbon portugal,                   port t,north atlantic,,
  08/07/1887,,,,,,,,,
  08/07/1887,   39 30 N,   11 10 W,29.9,32.6,making passage from newport ri to lisbon portugal,                   port t,north atlantic,,
  09/07/1887,,,36.5,8.2,             cape roca lt,                cape rosa,cabo da roca,38 46 51N,0001-01-15
  09/07/1887,,,29.9,32.6,making passage from newport ri to lisbon portugal,                   port t,lisbon,38 42 50N,0001-06-04
  10/07/1887,,,,,,,,,
  10/07/1887,,,38.7,-9.1,          lisbon portugal,                   lisbon,,,
  11/07/1887,,,,,,,,,
  11/07/1887,,,38.7,-9.1,moored off lisbon portugal,                   lisbon,,,
  11/07/1887,,,,,,,,,
  11/07/1887,,,38.7,-9.1,moored off lisbon portugal,                   lisbon,,,
  11/07/1887,,,,,,,,,
  11/07/1887,,,38.7,-9.1,          lisbon portugal,                   lisbon,,,
  12/07/1887,,,,,,,,,
  12/07/1887,,,38.7,-9.1,          lisbon portugal,                   lisbon,,,
  13/07/1887,,,,,,,,,
  13/07/1887,,,38.7,-9.1,          lisbon portugal,                   lisbon,,,
  14/07/1887,,,,,,,,,
  14/07/1887,,,38.7,-9.1,moored off lisbon portugal,                   lisbon,,,
  15/07/1887,,,,,                the tagus,,,,
  15/07/1887,,,38.7,-9.1,moored off lisbon portugal,                   lisbon,,,
  16/07/1887,,,,,,,,,
  16/07/1887,,,38.7,-9.1,moored off lisbon portugal,                   lisbon,,,
  17/07/1887,,,36.1,-5.3,                    belum,                gibraltar,belem tower,38 41 29.72N,0002-02-07
  17/07/1887,,,38.7,-9.1,moored off lisbon portugal,                   lisbon,,,
  18/07/1887,,,,,,,,,
  18/07/1887,,,38.7,-9.1,moored off lisbon portugal,                   lisbon,,,
  19/07/1887,,,,,,,,,
  19/07/1887,,,38.7,-9.1,moored off lisbon portugal,                   lisbon,,,
  20/07/1887,,,,,,,,,
  20/07/1887,,,38.7,-9.1,          lisbon portugal,                   lisbon,,,
  21/07/1887,,,,,,,,,
  21/07/1887,,,38.7,-9.1,          lisbon portugal,                   lisbon,,,
  22/07/1887,,,,,,,,,
  22/07/1887,,,38.7,-9.1,          lisbon portugal,                   lisbon,,,
  23/07/1887,,,,,,,,,
  23/07/1887,,,38.7,-9.1,          lisbon portugal,                   lisbon,,,
  24/07/1887,,,,,,,,,
  24/07/1887,,,38.7,-9.1,          lisbon portugal,                   lisbon,,,
  25/07/1887,,,,,,,,,
  25/07/1887,,,38.7,-9.1,          lisbon portugal,                   lisbon,,,
  26/07/1887,,,,,,,,,
  26/07/1887,,,38.7,-9.1,          lisbon portugal,                   lisbon,,,
  27/07/1887,,,,,,,,,
  27/07/1887,,,38.7,-9.1,moored off lisbon portugal,                   lisbon,,,
  28/07/1887,,,,,,,,,
  28/07/1887,,,38.7,-9.1,at anchor off lisbon portugal,                   lisbon,,,
  29/07/1887,,,,,2971887,,,,
  29/07/1887,,,38.7,-9.1,moored off lisbon portugal,                   lisbon,,,
  30/07/1887,,,,,,,,,
  30/07/1887,,,38.7,-9.1,          lisbon portugal,                   lisbon,,,
   31/7/1887,,,,,,,,,
   31/7/1887,,,38.7,-9.1,          lisbon portugal,                   lisbon,,,
  01/08/1887,,,,,,,,,
  01/08/1887,,,38.7,-9.1,moored off lisbon portugal,                   lisbon,,,
  02/08/1887,,,,,,,,,
  02/08/1887,,,38.7,-9.1,moored off lisbon portugal,                   lisbon,,,
  03/08/1887,,,38.7,-9.1,          lisbon portugal,                   lisbon,,,
  03/08/1887,,,38.7,-9.1,moored off lisbon portugal,                   lisbon,,,
  04/08/1887,,,,,,,,,
  04/08/1887,,,38.7,-9.1,          lisbon portugal,                   lisbon,,,
  05/08/1887,,,,,,,,,
  05/08/1887,,,38.7,-9.1,moored off lisbon portugal,                   lisbon,,,
  06/08/1887,,,,,,,,,
  06/08/1887,,,38.7,-9.1,          lisbon portugal,                   lisbon,,,
  07/08/1887,,,,,,,,,
  07/08/1887,,,38.7,-9.1,at anchor off lisbon portugal,                   lisbon,,,
  08/08/1887,,,,,,,,,
  08/08/1887,,,38.7,-9.1,at anchor off lisbon portugal,                   lisbon,,,
  19/08/1887,,,,,,,,,
  19/08/1887,,,38.7,-9.1,moored to buoy off lisbon portugal,                   lisbon,,,
  10/08/1887,,,,,,,,,
  10/08/1887,,,38.7,-9.1,moored to buoy off lisbon portugal,                   lisbon,,,
  11/08/1887,,,,,just inside mouth of the tagus,,,,
  11/08/1887,,,38.7,-9.1,moored to buoy off lisbon portugal,                   lisbon,,,
  12/08/1887,,,,,,,,,
  12/08/1887,,,,,at anchor in the mouth of the tagus,,,,
  13/08/1887,,,36.1,-5.3,cocilhas point light house,                     poti,cacilhas,38.686N,0001-03-06
  13/08/1887,,,,,at sea making passage from lisbon portugal to funchal madeira,,,,
  14/08/1887,,,55,-1.5,                     guia,                      tic,guia albufeira,37.126N,0001-02-28
  14/08/1887,   38 12 N,   10 25 W,32.7,-16.9,at sea making passage from lisbon portugal to funchal medeira,                  madeira,north atlantic,,
  15/08/1887,,,55,-1.5,            cape espichel,                      tic,cabo espichel,38 24 50.8N,0001-05-26
  15/08/1887,   37 12 N,   10 53 W,32.7,-16.9,at sea making passage from lisbon portugal to funchal medeira,                  madeira,north atlantic,,
  16/08/1886,,,,,,,,,
  16/08/1886,   35 13 N,   13 16 W,,,at sea making passage from lisbon portugal to funchal madeira,,,,
  17/08/1887,,,,,,,,,
  17/08/1887,   33 10 N,   15 58 W,,,,,,,
  18/08/1887,,,35.7,-8.6,          dezertas grande,                   oporto,deserta grande island,32.5197N,0001-04-26
  18/08/1887,,,32.7,-16.9,standing off and on funchal madeira,                  madeira,,,
  19/08/1887,,,32.6,-16.9,      loo rock lighthouse,                  funchal,canical,32 44 27N,0001-10-22
  19/08/1887,,,32.7,-16.9,at anchor off funchal madeira,                  madeira,,,
  20/08/1887,,,,,,,,,
  20/08/1887,,,32.7,-16.9,          funchal madeira,                  madeira,,,
  21/08/1887,,,,,,,,,
  21/08/1887,,,32.7,-16.9,at anchor off funchal madeira,                  madeira,,,
  22/08/1887,,,,,,,,,
  22/08/1887,,,32.7,-16.9,at anchor off funchal madeira,                  madeira,,,
  23/08/1887,,,,,,,,,
  23/08/1887,,,32.7,-16.9,          funchal madeira,                  madeira,,,
  24/08/1887,,,,,,,,,
  24/08/1887,,,32.7,-16.9,at anchor off funchal madeira,                  madeira,,,
  25/08/1887,,,,,                 loo rock,,,,
  25/08/1887,,,32.7,-16.9,          funchal madeira,                  madeira,,,
  26/08/1887,,,,,,,,,
  26/08/1887,,,32.7,-16.9,          funchal madeira,                  madeira,,,
  27/08/1887,,,,,,,,,
  27/08/1887,,,32.7,-16.9,          funchal madeira,                  madeira,,,
  28/08/1887,,,,,,,,,
  28/08/1887,   31 30 N,   17 39 W,40.7,-74,at sea making passage from madeira to new york,                 new york,north atlantic,,
  29/08/1887,,,,,,,,,
  29/08/1887,   30 06 N,   18 48 W,40.7,-74,at sea making passage from madeira to new york,                 new york,north atlantic,,
  30/08/1887,,,,,,,,,
  30/08/1887,   28 23 N,   21 37 W,40.7,-74,at sea making passage from madeira to new york,                 new york,north atlantic,,
  31/08/1887,,,,,,,,,
  31/08/1887,   26 37 N,   24 40 W,40.7,-74,at sea making passage from madeira to new york,                 new york,north atlantic,,
  01/09/1887,,,,,,,,,
  01/09/1887,   25 34 N,   27 15 W,40.7,-74,at sea making passage from madeira to new york,                 new york,north atlantic,,
  02/09/1887,,,,,,,,,
  02/09/1887,   24 33 N,   29 39 W,40.7,-74,at sea making passage from madeira to new york,                 new york,north atlantic,,
  03/09/1887,,,,,,,,,
  03/09/1887,   24 17 N,   32 15 W,40.7,-74,at sea making passage from madeira to new york,                 new york,north atlantic,,
  04/09/1887,,,,,,,,,
  04/09/1887,   24 04 N,   34 46 W,40.7,-74,at sea making passage from madeira to new york,                 new york,north atlantic,,
  05/09/1887,,,,,,,,,
  05/09/1887,   23 40 N,   37 19 W,40.7,-74,at sea making passage from madeira to new york,                 new york,north atlantic,,
  06/09/1887,,,,,,,,,
  06/09/1887,   23 28 N,   40 05 W,40.7,-74,at sea making passage from madeira to new york,                 new york,north atlantic,,
  07/09/1887,,,,,,,,,
  07/09/1887,   23 18 N,   42 37 W,40.7,-74,at sea making passage from madeira to new york,                 new york,north atlantic,,
  08/09/1887,,,,,,,,,
  08/09/1887,   23 07 N,   45 29 W,40.7,-74,at sea making passage from madeira to new york,                 new york,north atlantic,,
  09/09/1887,,,,,,,,,
  09/09/1887,   23 18 N,   48 38 W,40.7,-74,at sea making passage from madeira to new york,                 new york,north atlantic,,
  10/09/1887,,,,,,,,,
  10/09/1887,   23 25 N,   51 31 W,40.7,-74,at sea making passage from madeira to new york,                 new york,north atlantic,,
  11/09/1887,,,,,,,,,
  11/09/1887,   23 26 N,   54 04 W,40.7,-74,at sea making passage from madeira to new york,                 new york,north atlantic,,
  12/09/1887,,,,,,,,,
  12/09/1887,   23 42 N,   56 44 W,40.7,-74,at sea making passage from madeira to new york,                 new york,north atlantic,,
  13/09/1887,,,,,,,,,
  13/09/1887,   24 16 N,   59 58 W,40.7,-74,at sea making passage from madeira to new york,                 new york,north atlantic,,
  14/09/1887,,,,,,,,,
  14/09/1887,   26 02 N,   62 26 W,40.7,-74,at sea making passage from madeira to new york,                 new york,north atlantic,,
  15/09/1887,,,,,,,,,
  15/09/1887,   25 53 N,   63 07 W,40.7,-74,at sea making passage from madeira to new york,                 new york,north atlantic,,
  16/09/1887,,,,,,,,,
  16/09/1887,   25 52 N,   63 35 W,40.7,-74,at sea making passage from madeira to new york,                 new york,north atlantic,,
  17/09/1887,,,,,,,,,
  17/09/1887,   27 08 N,   64 57 W,40.7,-74,at sea making passage from madeira to new york,                 new york,north atlantic,,
  18/09/1887,,,,,,,,,
  18/09/1887,   28 53 N,   66 59 W,40.7,-74,at sea making passage from madeira to new york,                 new york,north atlantic,,
  19/09/1887,,,,,,,,,
  19/09/1887,   31 15 N,   69 27 W,40.7,-74,at sea making passage from madeira to new york,                 new york,north atlantic,,
  20/09/1887,,,,,,,,,
  20/09/1887,   33 06 N,   71 24 W,40.7,-74,at sea making passage from madeira to new york,                 new york,north atlantic,,
  21/09/1887,,,,,,,,,
  21/09/1887,   33 30 N,   71 54 W,40.7,-74,at sea making passage from madeira to new york,                 new york,north atlantic,,
  22/09/1887,,,,,,,,,
  22/09/1887,   36 24 N,   73 02 W,40.7,-74,at sea making passage from madeira to new york,                 new york,north atlantic,,
  23/09/1887,,,,,,,,,
  23/09/1887,   36 45 N,   74 15 W,40.7,-74,at sea making passage from madeira to new york,                 new york,north atlantic,,
  24/09/1887,,,,,,,,,
  24/09/1887,,,,,,,,,
  24/09/1887,,,,,,,,,
  24/09/1887,,,,,,,,,
  24/09/1887,,,,,,,,,
  24/09/1887,,,,,,,,,
  24/09/1887,,,,,,,,,
  24/09/1887,,,,,,,,,
  24/09/1887,,,,,,,,,
  24/09/1887,,,,,,,,,
  24/09/1887,,,,,,,,,
  24/09/1887,,,,,,,,,
  24/09/1887,,,,,,,,,
  24/09/1887,,,,,,,,,
  24/09/1887,,,,,,,,,
  24/09/1887,   36 40 N,   73 18 W,40.7,-74,at sea making passage from madeira to new york,                 new york,north atlantic,,
  25/09/1887,,,,,,,,,
  25/09/1887,   36 41 N,   73 45 W,40.7,-74,at sea making passage from madeira to new york,                 new york,north atlantic,,
  26/09/1887,,,,,,,,,
  26/09/1887,   36 49 N,   73 42 W,40.7,-74,at sea making passage from madeira to new york,                 new york,north atlantic,,
  27/09/1887,,,,,,,,,
  27/09/1887,   37 57 N,   73 51 W,40.7,-74,at sea making passage from madeira to new york,                 new york,north atlantic,,
  28/09/1887,,,,,,,,,
  28/09/1887,   40 25 N,   73 50 W,40.7,-74,towing up new york harbor,                 new york,new york bight,40 05 42N,0002-01-21
  29/09/1887,,,,,,,,,
  29/09/1887,,,40.7,-74,     north river new york,                 new york,,,
  30/09/1887,,,,,,,,,
  30/09/1887,,,40.7,-74,       navy yard new york,                 new york,,,
  01/10/1887,,,,,,,,,
  01/10/1887,,,40.7,-74,       navy yard new york,                 new york,,,
  02/10/1887,,,,,,,,,
  02/10/1887,,,40.7,-74,moored to dock at navy yard new york,                 new york,,,
  03/10/1887,,,,,,,,,
  03/10/1887,,,40.7,-73.9, us navy yard brooklyn ny,     us navy yard brookly,,,
  04/10/1887,,,,,,,,,
  04/10/1887,,,40.7,-73.9,moored to dock navy yard brooklyn new york,     us navy yard brookly,,,
  05/10/1887,,,,,,,,,
  05/10/1887,,,,,,,,,
  05/10/1887,,,,,,,,,
  05/10/1887,,,40.7,-73.9,moored to dock navy yard brooklyn new york,     us navy yard brookly,,,
  05/10/1887,,,,,,,,,
  05/10/1887,,,40.7,-73.9,moored to dock navy yard brooklyn ny,     us navy yard brookly,,,
  06/10/1887,,,,,,,,,
  06/10/1887,,,40.7,-74,       navy yard new york,                 new york,,,
  07/10/1887,,,,,,,,,
  07/10/1887,,,40.7,-74,       navy yard new york,                 new york,,,
  08/10/1887,,,,,,,,,
  08/10/1887,,,40.7,-74,moored to dock navy yard new york,                 new york,,,
  09/10/1887,,,,,,,,,
  09/10/1887,,,40.7,-74,moored to dock navy yard new york,                 new york,,,
  10/10/1887,,,,,,,,,
  10/10/1887,,,40.7,-74,moored to dock navy yard new york,                 new york,,,
  11/10/1887,,,,,,,,,
  11/10/1887,,,40.7,-74,moored to dock navy yard new york,                 new york,,,
  12/10/1887,,,,,,,,,
  12/10/1887,,,,,,,,,
  12/10/1887,,,,,,,,,
  12/10/1887,,,40.7,-74,moored to dock navy yard new york,                 new york,,,
  13/10/1887,,,,,,,,,
  13/10/1887,,,40.7,-74,moored to dock navy yard new york,                 new york,,,
  14/10/1887,,,,,,,,,
  14/10/1887,,,40.7,-74,moored to dock navy yard new york,                 new york,,,
  14/10/1887,,,,,,,,,
  14/10/1887,,,40.7,-74,moored to dock navy yard new york,                 new york,,,
  14/10/1887,,,,,,,,,
  14/10/1887,,,40.7,-74,       navy yard new york,                 new york,,,
  15/10/1887,,,,,,,,,
  15/10/1887,,,40.7,-74,moored to dock navy yard new york,                 new york,,,
  16/10/1887,,,,,,,,,
  16/10/1887,,,40.7,-74,moored to dock navy yard new york,                 new york,,,
  17/10/1887,,,,,,,,,
  17/10/1887,,,40.7,-74,       navy yard new york,                 new york,,,
  18/10/1887,,,,,,,,,
  18/10/1887,,,40.7,-74,moored to dock navy yard new york,                 new york,,,
  18/10/1887,,,,,,,,,
  18/10/1887,,,40.7,-74,       navy yard new york,                 new york,,,
  19/10/1887,,,,,,,,,
  19/10/1887,,,40.7,-74,       navy yard new york,                 new york,,,
  20/10/1887,,,,,,,,,
  20/10/1887,,,40.7,-74,moored to dock navy yard new york,                 new york,,,
20/10/1887,,,,,,,,,
20/10/1887,,,40.7,-74,moored to dock navy yard new york,                 new york,,,
  21/10/1887,,,,,,,,,
  21/10/1887,,,40.7,-74,moored to dock navy yard new york,                 new york,,,
  21/10/1887,,,,,,,,,
  21/10/1887,,,40.7,-74,moored to dock navy yard new york,                 new york,,,
  22/10/1887,,,,,,,,,
  22/10/1887,,,40.7,-74,moored to dock navy yard new york,                 new york,,,
  22/10/1887,,,,,,,,,
  22/10/1887,,,40.7,-74,moored to dock navy yard new york,                 new york,,,
  23/10/1887,,,,,,,,,
  23/10/1887,,,40.7,-74,moored to dock navy yard new york,                 new york,,,
  24/10/1887,,,,,,,,,
  24/10/1887,,,40.7,-74,moored to dock navy yard new york,                 new york,,,
  25/10/1887,,,,,,,,,
  25/10/1887,,,40.7,-74,moored to dock navy yard new york,                 new york,,,
  26/10/1887,,,,,,,,,
  26/10/1887,,,40.7,-74,moored to dock navy yard new york,                 new york,,,
  27/10/1887,,,,,,,,,
  27/10/1887,,,40.7,-74,moored to dock navy yard new york,                 new york,,,
  27/10/1887,,,,,,,,,
  27/10/1887,,,40.7,-74,moored to dock navy yard new york,                 new york,,,
  28/10/1887,,,,,,,,,
  28/10/1887,,,40.7,-74,moored to dock navy yard new york,                 new york,,,
  29/10/1887,,,22.6,3.4,flag staff castle william,                      sur,castle island,42 20 15N,0001-09-24
  29/10/1887,,,40.7,-74,at anchor off battery new york harbor,                 new york,,,
  30/10/1887,,,,,,,,,
  30/10/1887,,,40.7,-74,at anchor off battery new york,                 new york,,,
  31/10/1887,,,,,,,,,
  31/10/1887,,,40.7,-74,at anchor off battery new york,                 new york,,,
  01/11/1887,,,,,,,,,
  01/11/1887,,,40.7,-74,at anchor off battery new york,                 new york,,,
  02/11/1887,,,,,,,,,
  02/11/1887,,,40.7,-74,at anchor off battery new york,                 new york,,,
  03/10/1887,,,40.6,-74.1,   fort tompkins lt house,                   port t,fort tompkins light,40.6057N,0002-06-03
  03/10/1887,,,40.6,-74.2,at anchor off stapleton staten island and at sea,           statten island,,,
  04/11/1887,,,52.8,173.3,      scotland light ship,                    larne,ambrose channel,40.5184398N,0002-06-02
  04/11/1887,   38 04 N,   74 53 W,-43,147.8,at sea making passage from new york to norfolk va,              norfolk bay,north atlantic,,
  05/11/1887,,,54.9,-5.8,       cape charles light,                     oban,cape charles light,37.12292N,0002-06-16
  05/11/1887,   36 57 N,   75 35 W,56.2,-3,at sea and at anchor off fortress monroe va,                    forth,fort monroe,37 00 13N,0001-07-09
  06/11/1887,,,43.1,16.7,             hygeia hotel,                     hvar,fort monroe,,
  06/11/1887,,,56.2,-3,at anchor off fortress monroe va,                    forth,fort monroe,,
  07/11/1887,,,42.2,41.7,    old point light house,                     poti,old point comfort light,37.00178N,0002-06-19
  07/11/1887,,,37,-76.3,at anchor off hampton roads and fort norfolk va,            hampton roads,,,
  08/11/1887,,,36.8,-76.3,       fort norfolk wharf,                  norfolk,fort norfolk virginia,,
  08/11/1887,,,-43,147.8,at anchor off fort norfolk and moored to dock norfolk va,              norfolk bay,fort norfolk virginia,,
  09/11/1887,,,,,,,,,
  09/11/1887,,,-43,147.8,moored to dock navy yard norfolk va,              norfolk bay,naval station norfolk,,
  10/11/1887,,,,,,,,,
  10/11/1887,,,-43,147.8,moored to dock navy yard norfolk va,              norfolk bay,naval station norfolk,,
  11/11/1887,,,,,,,,,
  11/11/1887,,,-43,147.8,moored to dock navy yard norfolk va,              norfolk bay,naval station norfolk,,
  12/11/1887,,,,,,,,,
  12/11/1887,,,-43,147.8,moored to dock navy yard norfolk va,              norfolk bay,naval station norfolk,,
  13/11/1887,,,,,,,,,
  13/11/1887,,,-43,147.8,moored to dock navy yard norfolk va,              norfolk bay,naval station norfolk,,
  14/11/1887,,,,,,,,,
  14/11/1887,,,-43,147.8,moored to dock navy yard norfolk va,              norfolk bay,naval station norfolk,,
  15/11/1887,,,,,,,,,
  15/11/1887,,,-43,147.8,     navy yard norfolk va,              norfolk bay,naval station norfolk,,
  16/11/1887,,,,,,,,,
  16/11/1887,,,,,,,,,
  17/11/1887,,,,,,,,,
  17/11/1887,,,-43,147.8,moored to dock navy yard norfolk va,              norfolk bay,naval station norfolk,,
  18/11/1887,,,,,,,,,
  18/11/1887,,,-43,147.8,moored to dock navy yard norfolk va,              norfolk bay,naval station norfolk,,
  19/11/1887,,,,,,,,,
  19/11/1887,,,-43,147.8,moored to dock navy yard norfolk va,              norfolk bay,naval station norfolk,,
  20/11/1887,,,,,,,,,
  20/11/1887,,,-43,147.8,moored to dock navy yard norfolk va,              norfolk bay,naval station norfolk,,
  21/11/1887,,,,,,,,,
  21/11/1887,,,-43,147.8,     navy yard norfolk va,              norfolk bay,naval station norfolk,,
  22/11/1887,,,,,,,,,
  22/11/1887,,,-43,147.8,     navy yard norfolk va,              norfolk bay,naval station norfolk,,
  23/11/1887,,,,,,,,,
  23/11/1887,,,-43,147.8,     navy yard norfolk va,              norfolk bay,naval station norfolk,,
  24/11/1887,,,,,,,,,
  24/11/1887,,,-43,147.8,     navy yard norfolk va,              norfolk bay,naval station norfolk,,
  25/11/1887,,,,,,,,,
  25/11/1887,,,-43,147.8,               norfolk va,              norfolk bay,naval station norfolk,,
  26/11/1887,,,,,,,,,
  26/11/1887,,,-43,147.8,               norfolk va,              norfolk bay,naval station norfolk,,
  27/11/1887,,,,,,,,,
  27/11/1887,,,-43,147.8,     navy yard norfolk va,              norfolk bay,naval station norfolk,,
  28/11/1887,,,,,,,,,
  28/11/1887,,,-43,147.8,     navy yard norfolk va,              norfolk bay,naval station norfolk,,
  29/11/1887,,,,,,,,,
  29/11/1887,,,-43,147.8,in dry dock navy yard norfolk va,              norfolk bay,naval station norfolk,,
  30/11/1887,,,,,,,,,
  30/11/1887,,,-43,147.8,     navy yard norfolk va,              norfolk bay,naval station norfolk,,
  01/12/1887,,,,,,,,,
  01/12/1887,,,-43,147.8,     navy yard norfolk va,              norfolk bay,naval station norfolk,,
  02/12/1887,,,,,,,,,
  02/12/1887,,,-43,147.8,     navy yard norfolk va,              norfolk bay,naval station norfolk,,
  03/12/1887,,,,,,,,,
  03/12/1887,,,-43,147.8,     navy yard norfolk va,              norfolk bay,naval station norfolk,,
  04/12/1887,,,,,,,,,
  04/12/1887,,,-43,147.8,     navy yard norfolk va,              norfolk bay,naval station norfolk,,
  05/12/1887,,,,,,,,,
  05/12/1887,,,-43,147.8,     navy yard norfolk va,              norfolk bay,naval station norfolk,,
  06/12/1887,,,,,,,,,
  06/12/1887,,,-43,147.8,     navy yard norfolk va,              norfolk bay,naval station norfolk,,
  07/12/1887,,,,,,,,,
  07/12/1887,,,-43,147.8,moored to dock navy yard norfolk va,              norfolk bay,naval station norfolk,,
  08/12/1887,,,,,,,,,
  08/12/1887,,,-43,147.8,     navy yard norfolk va,              norfolk bay,naval station norfolk,,
  09/12/1887,,,,,,,,,
  09/12/1887,,,-43,147.8,     navy yard norfolk va,              norfolk bay,naval station norfolk,,
  10/12/1887,,,,,,,,,
  10/12/1887,,,-43,147.8,     navy yard norfolk va,              norfolk bay,naval station norfolk,,
  10/12/1887,,,,,,,,,
  10/12/1887,,,-43,147.8,moored to dock navy yard norfolk va,              norfolk bay,naval station norfolk,,
  11/12/1887,,,,,,,,,
  11/12/1887,,,-43,147.8,     navy yard norfolk va,              norfolk bay,naval station norfolk,,
  12/12/1887,,,,,,,,,
  12/12/1887,,,-43,147.8,     navy yard norfolk va,              norfolk bay,naval station norfolk,,
  13/12/1887,,,,,,,,,
  13/12/1887,,,-43,147.8,     navy yard norfolk va,              norfolk bay,naval station norfolk,,
  14/12/1887,,,,,,,,,
  14/12/1887,,,-43,147.8,     navy yard norfolk va,              norfolk bay,naval station norfolk,,
  15/12/1887,,,,,,,,,
  15/12/1887,,,-43,147.8,     navy yard norfolk va,              norfolk bay,naval station norfolk,,
  16/12/1887,,,,,,,,,
  16/12/1887,,,-43,147.8,moored to dock navy yard norfolk va,              norfolk bay,naval station norfolk,,
  17/12/1887,,,,,,,,,
  17/12/1887,,,-43,147.8,     navy yard norfolk va,              norfolk bay,naval station norfolk,,
  18/12/1887,,,,,,,,,
  18/12/1887,,,-43,147.8,     navy yard norfolk va,              norfolk bay,naval station norfolk,,
  19/12/1887,,,,,,,,,
  19/12/1887,,,-43,147.8,     navy yard norfolk va,              norfolk bay,naval station norfolk,,
  20/12/1887,,,,,,,,,
  20/12/1887,,,-43,147.8,     navy yard norfolk va,              norfolk bay,naval station norfolk,,
  21/12/1887,,,,,,,,,
  21/12/1887,,,-43,147.8,     navy yard norfolk va,              norfolk bay,naval station norfolk,,
  22/12/1887,,,,,,,,,
  22/12/1887,,,-43,147.8,     navy yard norfolk va,              norfolk bay,naval station norfolk,,
  23/12/1887,,,,,,,,,
  23/12/1887,,,-43,147.8,     navy yard norfolk va,              norfolk bay,naval station norfolk,,
  24/12/1887,,,,,,,,,
  24/12/1887,,,-43,147.8,     navy yard norfolk va,              norfolk bay,naval station norfolk,,
  25/12/1887,,,,,,,,,
  25/12/1887,,,-43,147.8,     navy yard norfolk va,              norfolk bay,naval station norfolk,,
  26/12/1887,,,,,,,,,
  26/12/1887,,,-43,147.8,moored to dock navy yard norfolk va,              norfolk bay,naval station norfolk,,
  27/12/1887,,,,,,,,,
  27/12/1887,,,-43,147.8,     navy yard norfolk va,              norfolk bay,naval station norfolk,,
  28/12/1887,,,,,,,,,
  28/12/1887,,,-43,147.8,moored to dock navy yard norfolk va,              norfolk bay,naval station norfolk,,
  29/12/1887,,,,,,,,,
  29/12/1887,,,-43,147.8,moored to dock navy yard norfolk va,              norfolk bay,naval station norfolk,,
  30/12/1887,,,,,,,,,
  30/12/1887,,,-43,147.8,     navy yard norfolk va,              norfolk bay,naval station norfolk,,
  31/12/1887,,,,,,,,,
  31/12/1887,,,-43,147.8,     navy yard norfolk va,              norfolk bay,naval station norfolk,,
  01/01/1887,,,,,,,,,
  01/01/1887,,,-43,147.8,               norfolk va,              norfolk bay,naval station norfolk,,
